event_id,corpus,AV,event_date,metro,severity,operator,n_articles,n_outlets,year_bin,era
RTC-2020-AZ-5D5F2753,AV,1,2020-01-30,Phoenix,Injury,Waymo,5,5,<=2022,pre
RTC-2021-CA-DDC28883,AV,1,2021-10-28,SF Bay,PDO,Other,1,1,<=2022,pre
RTC-2021-CA-AE60A0F3,AV,1,2021-12-15,SF Bay,Injury,Waymo,1,1,<=2022,pre
RTC-2022-CA-4C5DF2B2,AV,1,2022-04-25,SF Bay,PDO,Cruise,1,1,<=2022,pre
RTC-2022-CA-F12D37DF,AV,1,2022-06-03,SF Bay,Injury,Cruise,31,28,<=2022,pre
RTC-2022-CA-BF80BCC7,AV,1,2022-03-01,SF Bay,Injury,Cruise,7,7,<=2022,pre
RTC-2023-CA-86512D6A,AV,1,2023-03-06,SF Bay,PDO,Cruise,4,4,2023,pre
RTC-2023-CA-ED3F3AA8,AV,1,2023-03-24,SF Bay,PDO,Cruise,9,8,2023,pre
RTC-2023-CA-E0299B18,AV,1,2023-04-13,SF Bay,PDO,Cruise,1,1,2023,pre
RTC-2023-CA-3BB3192A,AV,1,2023-04-16,SF Bay,PDO,Cruise,1,1,2023,pre
RTC-2023-CA-145DACE4,AV,1,2023-04-01,SF Bay,PDO,Cruise,5,5,2023,pre
RTC-2023-CA-11D9A2E5,AV,1,2023-06-05,SF Bay,PDO,Other,1,1,2023,pre
RTC-2023-CA-4552AEC2,AV,1,2023-05-21,SF Bay,PDO,Waymo,10,10,2023,pre
RTC-2023-CA-D02F0554,AV,1,2023-08-17,SF Bay,Injury,Cruise,67,56,2023,pre
RTC-2023-CA-22DC7A6E,AV,1,2023-06-01,SF Bay,PDO,Cruise,2,2,2023,pre
RTC-2023-CA-D633EF37,AV,1,2023-08-07,SF Bay,PDO,Cruise,1,1,2023,pre
RTC-2023-TX-6FF60BCF,AV,1,2023-09-07,Austin,PDO,Cruise,1,1,2023,pre
RTC-2023-TX-9AD29ECE,AV,1,2023-10-31,Austin,PDO,Cruise,1,1,2023,post
RTC-2023-CA-0519A5B0,AV,1,2023-10-02,SF Bay,Injury,Cruise,145,93,2023,post
RTC-2023-TX-A99154E4,AV,1,2023-09-18,Austin,PDO,Cruise,6,6,2023,pre
RTC-2023-TX-BFFD9641,AV,1,2023-08-23,Austin,PDO,Cruise,1,1,2023,pre
RTC-2023-CA-6177D898,AV,1,2023-09-15,SF Bay,PDO,Pony.ai,1,1,2023,pre
RTC-2023-CA-E7AFE3A7,AV,1,2023-11-03,SF Bay,Injury,Waymo,1,1,2023,post
RTC-2024-CA-32249896,AV,1,2024-02-06,SF Bay,Injury,Waymo,28,22,2024,post
RTC-2024-CA-04A3C147,AV,1,2024-05-28,SF Bay,PDO,Zoox,1,1,2024,post
RTC-2024-CA-93B40BBC,AV,1,2024-05-20,SF Bay,PDO,Waymo,1,1,2024,post
RTC-2024-NV-7C29FD94,AV,1,2024-04-14,Las Vegas,Injury,Zoox,1,1,2024,post
RTC-2024-NV-1F2B19FE,AV,1,2024-05-14,Las Vegas,Injury,Zoox,1,1,2024,post
RTC-2024-AZ-EE03A0EC,AV,1,2024-05-21,Phoenix,PDO,Waymo,9,9,2024,post
RTC-2024-AZ-EBB317A1,AV,1,2024-05-14,Phoenix,PDO,Waymo,1,1,2024,post
RTC-2024-CA-B0A7AD5A,AV,1,2024-01-01,SF Bay,Injury,Waymo,1,1,2024,post
RTC-2024-CA-02391936,AV,1,2024-03-19,SF Bay,Injury,Waymo,2,2,2024,post
RTC-2024-CA-78E868D4,AV,1,2024-06-24,SF Bay,PDO,Waymo,1,1,2024,post
RTC-2024-AZ-CE7319D0,AV,1,2024-05-01,Phoenix,PDO,Waymo,1,1,2024,post
RTC-2024-CA-38C291EF,AV,1,2024-10-06,SF Bay,PDO,Waymo,4,4,2024,post
RTC-2024-AZ-50EE4FF6,AV,1,2024-11-26,Phoenix,PDO,Waymo,1,1,2024,post
RTC-2024-CA-017213D4,AV,1,2024-12-20,SF Bay,PDO,Waymo,1,1,2024,post
RTC-2025-CA-BE49A2DB,AV,1,2025-01-09,Los Angeles,PDO,Waymo,1,1,2025,post
RTC-2025-CA-A1470DEA,AV,1,2025-01-17,Los Angeles,PDO,Waymo,1,1,2025,post
RTC-2025-CA-8B95420A,AV,1,2025-02-06,Los Angeles,Injury,Waymo,1,1,2025,post
RTC-2025-CA-180C4595,AV,1,2025-03-28,Los Angeles,Injury,Waymo,1,1,2025,post
RTC-2025-CA-39E02EA9,AV,1,2025-03-20,SF Bay,Injury,Zoox,1,1,2025,post
RTC-2025-CA-C760B6F1,AV,1,2025-05-01,SF Bay,Injury,Zoox,6,6,2025,post
RTC-2025-CA-8C410F35,AV,1,2025-05-15,SF Bay,PDO,Waymo,1,1,2025,post
RTC-2025-CA-805FFE24,AV,1,2025-04-04,SF Bay,PDO,Zoox,1,1,2025,post
RTC-2025-NV-0412D4A6,AV,1,2025-05-06,Las Vegas,PDO,Zoox,3,3,2025,post
RTC-2025-NV-01F5490A,AV,1,2025-04-08,Las Vegas,PDO,Zoox,8,7,2025,post
RTC-2025-CA-6D59D272,AV,1,2025-02-16,SF Bay,Injury,Waymo,3,3,2025,post
RTC-2025-CA-69A0AD32,AV,1,2025-06-08,Los Angeles,PDO,Waymo,1,1,2025,post
RTC-2025-TX-6EDD4A1D,AV,1,2025-07-04,Austin,PDO,Tesla,4,3,2025,post
RTC-2025-TX-7B2F8D27,AV,1,2025-07-01,Austin,Unknown,Tesla,1,1,2025,post
PFC-2020-CA-5B555928,Ped,0,2020-01-22,Los Angeles,Fatal,Human,1,1,<=2022,pre
PFC-2020-CA-C56E5E8B,Ped,0,2020-01-25,Los Angeles,Fatal,Human,1,1,<=2022,pre
PFC-2020-NV-550DCD13,Ped,0,2020-01-22,Las Vegas,Fatal,Human,1,1,<=2022,pre
PFC-2020-CA-D6DF7EE1,Ped,0,2020-01-20,SF Bay,Fatal,Human,6,5,<=2022,pre
PFC-2020-CA-CEB7D374,Ped,0,2020-01-19,SF Bay,Fatal,Human,1,1,<=2022,pre
PFC-2020-NV-0D7B199E,Ped,0,2020-01-11,Las Vegas,Fatal,Human,1,1,<=2022,pre
PFC-2020-AZ-E29E1368,Ped,0,2020-01-16,Phoenix,Fatal,Human,2,2,<=2022,pre
PFC-2020-AZ-FECD974C,Ped,0,2020-01-11,Phoenix,Fatal,Human,5,5,<=2022,pre
PFC-2020-CA-61DF5E81,Ped,0,2020-01-06,Los Angeles,Fatal,Human,1,1,<=2022,pre
PFC-2020-CA-F4AB331F,Ped,0,2020-01-01,SF Bay,Fatal,Human,1,1,<=2022,pre
PFC-2020-CA-4C00AF3F,Ped,0,2020-02-26,Los Angeles,Fatal,Human,1,1,<=2022,pre
PFC-2020-AZ-6CAA4009,Ped,0,2020-02-26,Phoenix,Fatal,Human,2,2,<=2022,pre
PFC-2020-CA-2206B686,Ped,0,2020-02-24,SF Bay,Fatal,Human,1,1,<=2022,pre
PFC-2020-CA-1F1B33BF,Ped,0,2020-02-25,SF Bay,Fatal,Human,1,1,<=2022,pre
PFC-2020-CA-044D00B9,Ped,0,2020-02-21,SF Bay,Fatal,Human,1,1,<=2022,pre
PFC-2020-CA-E3017809,Ped,0,2020-02-24,Los Angeles,Fatal,Human,1,1,<=2022,pre
PFC-2020-CA-AE16FA2D,Ped,0,2020-02-22,Los Angeles,Fatal,Human,1,1,<=2022,pre
PFC-2020-CA-2D12C56F,Ped,0,2020-02-21,SF Bay,Fatal,Human,1,1,<=2022,pre
PFC-2020-TX-87F6EF27,Ped,0,2020-02-20,Austin,Fatal,Human,2,2,<=2022,pre
PFC-2020-TX-0A27FDE2,Ped,0,2020-02-15,Austin,Fatal,Human,4,4,<=2022,pre
PFC-2020-CA-E1D8289F,Ped,0,2020-02-13,Los Angeles,Fatal,Human,1,1,<=2022,pre
PFC-2020-CA-10A2A9C4,Ped,0,2020-02-09,SF Bay,Fatal,Human,1,1,<=2022,pre
PFC-2020-CA-C967D216,Ped,0,2020-02-13,Los Angeles,Fatal,Human,3,1,<=2022,pre
PFC-2020-CA-49FE25A1,Ped,0,2020-02-07,SF Bay,Fatal,Human,2,2,<=2022,pre
PFC-2020-CA-808B6E08,Ped,0,2020-02-07,Los Angeles,Fatal,Human,3,3,<=2022,pre
PFC-2020-CA-C80E7FA8,Ped,0,2020-01-31,SF Bay,Fatal,Human,2,2,<=2022,pre
PFC-2020-CA-84A86020,Ped,0,2020-03-04,SF Bay,Fatal,Human,1,1,<=2022,pre
PFC-2020-AZ-9C7D4B19,Ped,0,2020-03-03,Phoenix,Fatal,Human,1,1,<=2022,pre
PFC-2020-CA-B4E841ED,Ped,0,2020-03-02,SF Bay,Fatal,Human,1,1,<=2022,pre
PFC-2020-NV-DAA3DA80,Ped,0,2020-04-29,Las Vegas,Fatal,Human,1,1,<=2022,pre
PFC-2020-AZ-D315C3F1,Ped,0,2020-04-28,Phoenix,Fatal,Human,1,1,<=2022,pre
PFC-2020-TX-A8DD445F,Ped,0,2020-04-20,Austin,Fatal,Human,1,1,<=2022,pre
PFC-2020-CA-3582F388,Ped,0,2020-04-01,SF Bay,Fatal,Human,1,1,<=2022,pre
PFC-2020-CA-DCB8529B,Ped,0,2020-05-26,Los Angeles,Fatal,Human,2,2,<=2022,pre
PFC-2020-AZ-FC592A86,Ped,0,2020-05-26,Phoenix,Fatal,Human,1,1,<=2022,pre
PFC-2020-AZ-E61DBAE1,Ped,0,2020-05-25,Phoenix,Fatal,Human,1,1,<=2022,pre
PFC-2020-AZ-743BF7A2,Ped,0,2020-05-25,Phoenix,Fatal,Human,1,1,<=2022,pre
PFC-2020-AZ-AFB3B2BA,Ped,0,2020-05-10,Phoenix,Fatal,Human,1,1,<=2022,pre
PFC-2020-CA-D55C9951,Ped,0,2020-01-17,SF Bay,Fatal,Human,2,1,<=2022,pre
PFC-2020-TX-07D2D33E,Ped,0,2020-05-12,Austin,Fatal,Human,2,2,<=2022,pre
PFC-2020-TX-FAA0515F,Ped,0,2020-02-01,Austin,Fatal,Human,1,1,<=2022,pre
PFC-2020-AZ-C00C669B,Ped,0,2020-05-02,Phoenix,Fatal,Human,1,1,<=2022,pre
PFC-2020-CA-05E9DEE5,Ped,0,2020-05-01,Los Angeles,Fatal,Human,1,1,<=2022,pre
PFC-2020-CA-666A060C,Ped,0,2020-06-18,SF Bay,Fatal,Human,2,2,<=2022,pre
PFC-2020-AZ-8550F905,Ped,0,2020-07-29,Phoenix,Fatal,Human,1,1,<=2022,pre
PFC-2020-CA-FFB3CEAF,Ped,0,2020-07-23,Los Angeles,Fatal,Human,1,1,<=2022,pre
PFC-2020-CA-CCFF2144,Ped,0,2020-07-21,SF Bay,Fatal,Human,1,1,<=2022,pre
PFC-2020-CA-9FBD4B22,Ped,0,2020-07-16,Los Angeles,Fatal,Human,1,1,<=2022,pre
PFC-2020-AZ-54FB3C69,Ped,0,2020-07-18,Phoenix,Fatal,Human,1,1,<=2022,pre
PFC-2020-NV-CFC5CEC4,Ped,0,2020-07-11,Las Vegas,Fatal,Human,1,1,<=2022,pre
PFC-2020-CA-BB9818B9,Ped,0,2020-07-08,Los Angeles,Fatal,Human,1,1,<=2022,pre
PFC-2020-AZ-16E61A52,Ped,0,2020-07-09,Phoenix,Fatal,Human,1,1,<=2022,pre
PFC-2020-AZ-4692B6A3,Ped,0,2020-07-09,Phoenix,Fatal,Human,1,1,<=2022,pre
PFC-2020-TX-066032C0,Ped,0,2020-07-08,Austin,Fatal,Human,1,1,<=2022,pre
PFC-2020-TX-67B7426B,Ped,0,2020-08-23,Austin,Fatal,Human,1,1,<=2022,pre
PFC-2020-CA-42AAE10D,Ped,0,2020-08-13,Los Angeles,Fatal,Human,1,1,<=2022,pre
PFC-2020-CA-74306350,Ped,0,2020-08-11,SF Bay,Fatal,Human,6,5,<=2022,pre
PFC-2020-NV-C920DB3D,Ped,0,2020-08-11,Las Vegas,Fatal,Human,1,1,<=2022,pre
PFC-2020-AZ-2DD82F1C,Ped,0,2020-08-07,Phoenix,Fatal,Human,1,1,<=2022,pre
PFC-2020-AZ-A30CFC08,Ped,0,2020-08-03,Phoenix,Fatal,Human,2,2,<=2022,pre
PFC-2020-AZ-993A01F8,Ped,0,2020-08-02,Phoenix,Fatal,Human,2,2,<=2022,pre
PFC-2020-AZ-450AD4EE,Ped,0,2020-07-29,Phoenix,Fatal,Human,1,1,<=2022,pre
PFC-2020-AZ-5C65C6C4,Ped,0,2020-09-26,Phoenix,Fatal,Human,2,2,<=2022,pre
PFC-2020-CA-D5CB9E26,Ped,0,2020-08-11,Los Angeles,Fatal,Human,1,1,<=2022,pre
PFC-2020-AZ-1151675D,Ped,0,2020-09-17,Phoenix,Fatal,Human,2,2,<=2022,pre
PFC-2020-AZ-C9ED5AA7,Ped,0,2020-09-03,Phoenix,Fatal,Human,2,2,<=2022,pre
PFC-2020-AZ-F6C009E8,Ped,0,2020-10-22,Phoenix,Fatal,Human,1,1,<=2022,pre
PFC-2020-CA-622B2CFA,Ped,0,2020-10-21,Los Angeles,Fatal,Human,2,2,<=2022,pre
PFC-2020-CA-7A2C718C,Ped,0,2020-10-09,SF Bay,Fatal,Human,1,1,<=2022,pre
PFC-2020-AZ-B00BC028,Ped,0,2020-10-09,Phoenix,Fatal,Human,1,1,<=2022,pre
PFC-2020-CA-87D7DFDD,Ped,0,2020-10-02,Los Angeles,Fatal,Human,2,2,<=2022,pre
PFC-2020-CA-36701505,Ped,0,2020-09-27,Los Angeles,Fatal,Human,1,1,<=2022,pre
PFC-2020-CA-B4B7431D,Ped,0,2020-11-24,Los Angeles,Fatal,Human,3,3,<=2022,pre
PFC-2020-CA-45CA8E00,Ped,0,2020-11-25,Los Angeles,Fatal,Human,1,1,<=2022,pre
PFC-2020-CA-77262BFE,Ped,0,2020-11-23,Los Angeles,Fatal,Human,4,1,<=2022,pre
PFC-2020-CA-1294EFAA,Ped,0,2020-11-24,Los Angeles,Fatal,Human,1,1,<=2022,pre
PFC-2020-CA-7C338C5F,Ped,0,2020-11-22,Los Angeles,Fatal,Human,3,3,<=2022,pre
PFC-2020-TX-FA90D1E4,Ped,0,2020-10-31,Austin,Fatal,Human,1,1,<=2022,pre
PFC-2020-AZ-A40123F0,Ped,0,2020-12-26,Phoenix,Fatal,Human,3,2,<=2022,pre
PFC-2020-CA-343B57EC,Ped,0,2020-12-01,SF Bay,Fatal,Human,1,1,<=2022,pre
PFC-2020-CA-CCC2F368,Ped,0,2020-12-25,SF Bay,Fatal,Human,1,1,<=2022,pre
PFC-2020-TX-597B35E6,Ped,0,2020-12-18,Austin,Fatal,Human,1,1,<=2022,pre
PFC-2020-AZ-B3914787,Ped,0,2020-12-20,Phoenix,Fatal,Human,2,2,<=2022,pre
PFC-2020-AZ-F7DC8906,Ped,0,2020-12-20,Phoenix,Fatal,Human,2,2,<=2022,pre
PFC-2020-AZ-1475EE20,Ped,0,2020-09-28,Phoenix,Fatal,Human,1,1,<=2022,pre
PFC-2020-CA-D9ED3B72,Ped,0,2020-12-11,Los Angeles,Fatal,Human,1,1,<=2022,pre
PFC-2020-CA-FAE52059,Ped,0,2020-11-23,Los Angeles,Fatal,Human,1,1,<=2022,pre
PFC-2020-TX-C3063428,Ped,0,2020-12-02,Austin,Fatal,Human,1,1,<=2022,pre
PFC-2020-CA-AD33F599,Ped,0,2020-12-31,SF Bay,Fatal,Human,1,1,<=2022,pre
PFC-2020-CA-536B9F5A,Ped,0,2020-12-31,SF Bay,Fatal,Human,1,1,<=2022,pre
PFC-2020-CA-B3DC7621,Ped,0,2020-12-31,SF Bay,Fatal,Human,1,1,<=2022,pre
PFC-2020-CA-3A73CE75,Ped,0,2020-12-31,SF Bay,Fatal,Human,1,1,<=2022,pre
PFC-2020-CA-BEAA6FEE,Ped,0,2020-12-31,SF Bay,Fatal,Human,1,1,<=2022,pre
PFC-2020-CA-5807F5BA,Ped,0,2020-12-31,SF Bay,Fatal,Human,1,1,<=2022,pre
PFC-2020-CA-3D4B399C,Ped,0,2020-12-31,SF Bay,Fatal,Human,1,1,<=2022,pre
PFC-2020-CA-5C237030,Ped,0,2020-12-31,SF Bay,Fatal,Human,1,1,<=2022,pre
PFC-2020-CA-0A902EBC,Ped,0,2020-12-31,SF Bay,Fatal,Human,1,1,<=2022,pre
PFC-2020-CA-B2DA1C02,Ped,0,2020-12-31,SF Bay,Fatal,Human,1,1,<=2022,pre
PFC-2020-CA-4910A975,Ped,0,2020-12-31,SF Bay,Fatal,Human,1,1,<=2022,pre
PFC-2020-CA-A67AC7EB,Ped,0,2020-12-31,SF Bay,Fatal,Human,1,1,<=2022,pre
PFC-2020-CA-D108CDAA,Ped,0,2020-12-31,SF Bay,Fatal,Human,1,1,<=2022,pre
PFC-2020-CA-E9F2669A,Ped,0,2020-12-31,SF Bay,Fatal,Human,1,1,<=2022,pre
PFC-2020-CA-CB8C26C2,Ped,0,2020-12-31,SF Bay,Fatal,Human,1,1,<=2022,pre
PFC-2020-CA-86B93CBE,Ped,0,2020-12-31,SF Bay,Fatal,Human,1,1,<=2022,pre
PFC-2020-CA-E8A45AED,Ped,0,2020-12-31,SF Bay,Fatal,Human,1,1,<=2022,pre
PFC-2020-CA-DD976A48,Ped,0,2020-12-31,SF Bay,Fatal,Human,1,1,<=2022,pre
PFC-2020-CA-B8C6B8A8,Ped,0,2020-12-31,SF Bay,Fatal,Human,1,1,<=2022,pre
PFC-2020-CA-6341AE10,Ped,0,2020-12-31,SF Bay,Fatal,Human,1,1,<=2022,pre
PFC-2020-CA-B655B96A,Ped,0,2020-05-26,Los Angeles,Fatal,Human,1,1,<=2022,pre
PFC-2020-CA-19BED900,Ped,0,2020-02-24,Los Angeles,Fatal,Human,1,1,<=2022,pre
PFC-2020-CA-EE2C337F,Ped,0,2020-02-24,Los Angeles,Fatal,Human,1,1,<=2022,pre
PFC-2020-CA-C811F5F7,Ped,0,2020-02-24,Los Angeles,Fatal,Human,1,1,<=2022,pre
PFC-2020-AZ-88E95209,Ped,0,2020-05-22,Phoenix,Fatal,Human,1,1,<=2022,pre
PFC-2020-CA-6AE33CCB,Ped,0,2020-09-01,Los Angeles,Fatal,Human,1,1,<=2022,pre
PFC-2021-AZ-683A8CA9,Ped,0,2021-01-29,Phoenix,Fatal,Human,2,2,<=2022,pre
PFC-2021-AZ-F72A77C1,Ped,0,2021-01-25,Phoenix,Fatal,Human,1,1,<=2022,pre
PFC-2021-CA-92B024C9,Ped,0,2021-01-25,Los Angeles,Fatal,Human,2,1,<=2022,pre
PFC-2021-AZ-65C41087,Ped,0,2021-01-14,Phoenix,Fatal,Human,1,1,<=2022,pre
PFC-2021-CA-C6065D0A,Ped,0,2021-01-05,Los Angeles,Fatal,Human,1,1,<=2022,pre
PFC-2021-CA-27C9F86A,Ped,0,2021-01-01,SF Bay,Fatal,Human,1,1,<=2022,pre
PFC-2021-AZ-B620F1B7,Ped,0,2021-01-01,Phoenix,Fatal,Human,2,2,<=2022,pre
PFC-2021-AZ-E389EC03,Ped,0,2021-02-24,Phoenix,Fatal,Human,1,1,<=2022,pre
PFC-2021-AZ-E67DD9BF,Ped,0,2021-02-20,Phoenix,Fatal,Human,4,2,<=2022,pre
PFC-2021-AZ-85C486B9,Ped,0,2021-01-18,Phoenix,Fatal,Human,3,2,<=2022,pre
PFC-2021-CA-164462BA,Ped,0,2021-02-17,SF Bay,Fatal,Human,2,2,<=2022,pre
PFC-2021-NV-2D93DC1E,Ped,0,2021-02-11,Las Vegas,Fatal,Human,1,1,<=2022,pre
PFC-2021-CA-0854567E,Ped,0,2021-02-05,Los Angeles,Fatal,Human,3,2,<=2022,pre
PFC-2021-CA-402EB959,Ped,0,2021-02-04,SF Bay,Fatal,Human,3,2,<=2022,pre
PFC-2021-CA-E271FBA6,Ped,0,2021-02-04,Los Angeles,Fatal,Human,1,1,<=2022,pre
PFC-2021-AZ-E675A737,Ped,0,2021-03-30,Phoenix,Fatal,Human,2,2,<=2022,pre
PFC-2021-CA-405CAAF2,Ped,0,2021-03-20,Los Angeles,Fatal,Human,1,1,<=2022,pre
PFC-2021-CA-7896D064,Ped,0,2021-03-15,Los Angeles,Fatal,Human,1,1,<=2022,pre
PFC-2021-CA-C700C582,Ped,0,2021-03-11,Los Angeles,Fatal,Human,1,1,<=2022,pre
PFC-2021-AZ-B6B504CE,Ped,0,2021-03-02,Phoenix,Fatal,Human,2,2,<=2022,pre
PFC-2021-CA-F0EF9F39,Ped,0,2021-04-28,Los Angeles,Fatal,Human,2,1,<=2022,pre
PFC-2021-CA-8BFEA0C8,Ped,0,2021-04-25,SF Bay,Fatal,Human,1,1,<=2022,pre
PFC-2021-CA-C6F02E8C,Ped,0,2021-01-17,Los Angeles,Fatal,Human,1,1,<=2022,pre
PFC-2021-AZ-7CC5DD21,Ped,0,2021-04-20,Phoenix,Fatal,Human,3,3,<=2022,pre
PFC-2021-TX-1BC920DF,Ped,0,2021-04-20,Austin,Fatal,Human,1,1,<=2022,pre
PFC-2021-CA-35990591,Ped,0,2021-04-12,Los Angeles,Fatal,Human,1,1,<=2022,pre
PFC-2021-AZ-11BBC978,Ped,0,2021-04-07,Phoenix,Fatal,Human,1,1,<=2022,pre
PFC-2021-AZ-4034ADC6,Ped,0,2021-04-06,Phoenix,Fatal,Human,2,2,<=2022,pre
PFC-2021-AZ-A8E0A3E5,Ped,0,2021-04-04,Phoenix,Fatal,Human,4,3,<=2022,pre
PFC-2021-AZ-6C280535,Ped,0,2021-04-04,Phoenix,Fatal,Human,2,2,<=2022,pre
PFC-2021-CA-9947EA1A,Ped,0,2021-04-02,Los Angeles,Fatal,Human,1,1,<=2022,pre
PFC-2021-AZ-790F627C,Ped,0,2021-04-01,Phoenix,Fatal,Human,3,3,<=2022,pre
PFC-2021-AZ-3DF0137B,Ped,0,2021-05-30,Phoenix,Fatal,Human,1,1,<=2022,pre
PFC-2021-AZ-93BA91AF,Ped,0,2021-05-28,Phoenix,Fatal,Human,1,1,<=2022,pre
PFC-2021-AZ-3AAC5A60,Ped,0,2021-05-22,Phoenix,Fatal,Human,2,2,<=2022,pre
PFC-2021-CA-C679A843,Ped,0,2021-05-19,SF Bay,Fatal,Human,3,3,<=2022,pre
PFC-2021-TX-0B966C28,Ped,0,2021-05-18,Austin,Fatal,Human,1,1,<=2022,pre
PFC-2021-CA-E72D299F,Ped,0,2021-05-08,Los Angeles,Fatal,Human,1,1,<=2022,pre
PFC-2021-AZ-529E0D00,Ped,0,2021-05-07,Phoenix,Fatal,Human,1,1,<=2022,pre
PFC-2021-NV-3C2D3D70,Ped,0,2021-05-03,Las Vegas,Fatal,Human,1,1,<=2022,pre
PFC-2021-AZ-CC0D5146,Ped,0,2021-06-27,Phoenix,Fatal,Human,1,1,<=2022,pre
PFC-2021-AZ-8247B623,Ped,0,2021-06-23,Phoenix,Fatal,Human,1,1,<=2022,pre
PFC-2021-CA-3BACD072,Ped,0,2021-06-20,Los Angeles,Fatal,Human,4,2,<=2022,pre
PFC-2021-AZ-8ACFA789,Ped,0,2021-06-20,Phoenix,Fatal,Human,1,1,<=2022,pre
PFC-2021-AZ-01D0FC5F,Ped,0,2021-06-10,Phoenix,Fatal,Human,1,1,<=2022,pre
PFC-2021-AZ-2EC7D4A4,Ped,0,2021-06-06,Phoenix,Fatal,Human,1,1,<=2022,pre
PFC-2021-AZ-B95AA054,Ped,0,2021-06-02,Phoenix,Fatal,Human,3,2,<=2022,pre
PFC-2021-CA-2D34B490,Ped,0,2021-07-30,SF Bay,Fatal,Human,1,1,<=2022,pre
PFC-2021-CA-C4C2878F,Ped,0,2021-07-27,SF Bay,Fatal,Human,1,1,<=2022,pre
PFC-2021-CA-6907E718,Ped,0,2021-06-30,SF Bay,Fatal,Human,1,1,<=2022,pre
PFC-2021-AZ-1EAB2D65,Ped,0,2021-07-24,Phoenix,Fatal,Human,2,2,<=2022,pre
PFC-2021-CA-74B58E7E,Ped,0,2021-07-18,Los Angeles,Fatal,Human,1,1,<=2022,pre
PFC-2021-CA-797A964E,Ped,0,2021-07-17,Los Angeles,Fatal,Human,5,5,<=2022,pre
PFC-2021-AZ-2233AD4D,Ped,0,2021-07-13,Phoenix,Fatal,Human,1,1,<=2022,pre
PFC-2021-CA-A4274371,Ped,0,2021-07-10,Los Angeles,Fatal,Human,1,1,<=2022,pre
PFC-2021-CA-CFE4DC05,Ped,0,2021-05-09,SF Bay,Fatal,Human,2,2,<=2022,pre
PFC-2021-CA-8CEDA273,Ped,0,2021-05-28,SF Bay,Fatal,Human,2,1,<=2022,pre
PFC-2021-CA-50BF6BDD,Ped,0,2021-07-01,Los Angeles,Fatal,Human,2,1,<=2022,pre
PFC-2021-CA-38574677,Ped,0,2021-06-25,SF Bay,Fatal,Human,1,1,<=2022,pre
PFC-2021-AZ-B0C0F134,Ped,0,2021-08-29,Phoenix,Fatal,Human,2,2,<=2022,pre
PFC-2021-TX-DFBEC2EF,Ped,0,2021-08-19,Austin,Fatal,Human,2,1,<=2022,pre
PFC-2021-CA-19CA5AE1,Ped,0,2021-08-11,Los Angeles,Fatal,Human,1,1,<=2022,pre
PFC-2021-CA-12DA17F9,Ped,0,2021-08-19,Los Angeles,Fatal,Human,3,2,<=2022,pre
PFC-2021-AZ-497421AA,Ped,0,2021-08-23,Phoenix,Fatal,Human,1,1,<=2022,pre
PFC-2021-AZ-BA0C64A9,Ped,0,2021-08-20,Phoenix,Fatal,Human,1,1,<=2022,pre
PFC-2021-CA-7CC5617B,Ped,0,2021-08-16,Los Angeles,Fatal,Human,1,1,<=2022,pre
PFC-2021-CA-48569B4B,Ped,0,2021-08-11,Los Angeles,Fatal,Human,2,2,<=2022,pre
PFC-2021-AZ-072F5529,Ped,0,2021-08-13,Phoenix,Fatal,Human,1,1,<=2022,pre
PFC-2021-CA-69A0671C,Ped,0,2021-08-09,Los Angeles,Fatal,Human,2,2,<=2022,pre
PFC-2021-AZ-F9C89797,Ped,0,2021-08-08,Phoenix,Fatal,Human,1,1,<=2022,pre
PFC-2021-AZ-CB2B6DE3,Ped,0,2021-08-07,Phoenix,Fatal,Human,1,1,<=2022,pre
PFC-2021-CA-AC345D1F,Ped,0,2021-08-02,Los Angeles,Fatal,Human,1,1,<=2022,pre
PFC-2021-CA-E2202E2C,Ped,0,2021-08-03,Los Angeles,Fatal,Human,2,2,<=2022,pre
PFC-2021-AZ-E27C8C3A,Ped,0,2021-08-02,Phoenix,Fatal,Human,1,1,<=2022,pre
PFC-2021-CA-B993CC53,Ped,0,2021-08-02,Los Angeles,Fatal,Human,2,2,<=2022,pre
PFC-2021-TX-1FDAE343,Ped,0,2021-09-26,Austin,Fatal,Human,1,1,<=2022,pre
PFC-2021-AZ-0FFC560D,Ped,0,2021-09-27,Phoenix,Fatal,Human,4,3,<=2022,pre
PFC-2021-CA-334C38A9,Ped,0,2021-09-25,Los Angeles,Fatal,Human,1,1,<=2022,pre
PFC-2021-TX-63FE1CE1,Ped,0,2021-09-19,Austin,Fatal,Human,1,1,<=2022,pre
PFC-2021-AZ-EBAA5278,Ped,0,2021-09-20,Phoenix,Fatal,Human,1,1,<=2022,pre
PFC-2021-AZ-58935CEE,Ped,0,2021-09-07,Phoenix,Fatal,Human,1,1,<=2022,pre
PFC-2021-AZ-C92BC21A,Ped,0,2021-09-03,Phoenix,Fatal,Human,1,1,<=2022,pre
PFC-2021-CA-AA8E5987,Ped,0,2021-08-16,Los Angeles,Fatal,Human,6,2,<=2022,pre
PFC-2021-TX-526BA6C5,Ped,0,2021-08-29,Austin,Fatal,Human,1,1,<=2022,pre
PFC-2021-AZ-449FD6C8,Ped,0,2021-10-29,Phoenix,Fatal,Human,2,2,<=2022,pre
PFC-2021-AZ-731A8072,Ped,0,2021-10-28,Phoenix,Fatal,Human,2,2,<=2022,pre
PFC-2021-CA-0E67E6C0,Ped,0,2021-10-25,Los Angeles,Fatal,Human,1,1,<=2022,pre
PFC-2021-CA-6B91E65B,Ped,0,2021-10-27,Los Angeles,Fatal,Human,1,1,<=2022,pre
PFC-2021-TX-A9F2F7CC,Ped,0,2021-10-20,Austin,Fatal,Human,1,1,<=2022,pre
PFC-2021-CA-4DC4DA18,Ped,0,2021-10-17,Los Angeles,Fatal,Human,1,1,<=2022,pre
PFC-2021-CA-0CA9FB69,Ped,0,2021-10-16,Los Angeles,Fatal,Human,1,1,<=2022,pre
PFC-2021-CA-E8EE196F,Ped,0,2021-10-17,Los Angeles,Fatal,Human,1,1,<=2022,pre
PFC-2021-CA-0C02B87B,Ped,0,2021-10-13,SF Bay,Fatal,Human,2,2,<=2022,pre
PFC-2021-TX-3DC6883F,Ped,0,2021-10-11,Austin,Fatal,Human,2,1,<=2022,pre
PFC-2021-CA-49D02D7C,Ped,0,2021-10-03,Los Angeles,Fatal,Human,1,1,<=2022,pre
PFC-2021-AZ-EA0C3C32,Ped,0,2021-10-01,Phoenix,Fatal,Human,1,1,<=2022,pre
PFC-2021-CA-C0091FAF,Ped,0,2021-11-30,SF Bay,Fatal,Human,1,1,<=2022,pre
PFC-2021-AZ-D3DD47DC,Ped,0,2021-11-28,Phoenix,Fatal,Human,1,1,<=2022,pre
PFC-2021-CA-0E94BA17,Ped,0,2021-11-27,Los Angeles,Fatal,Human,2,1,<=2022,pre
PFC-2021-TX-A11089E7,Ped,0,2021-11-20,Austin,Fatal,Human,1,1,<=2022,pre
PFC-2021-CA-B2A700A4,Ped,0,2021-11-10,SF Bay,Fatal,Human,1,1,<=2022,pre
PFC-2021-AZ-83937967,Ped,0,2021-11-10,Phoenix,Fatal,Human,1,1,<=2022,pre
PFC-2021-AZ-A22DC8D0,Ped,0,2021-11-06,Phoenix,Fatal,Human,1,1,<=2022,pre
PFC-2021-AZ-D2C61F88,Ped,0,2021-03-03,Phoenix,Fatal,Human,1,1,<=2022,pre
PFC-2021-CA-0170B3AE,Ped,0,2021-11-01,Los Angeles,Fatal,Human,2,1,<=2022,pre
PFC-2021-AZ-1175DF71,Ped,0,2021-10-23,Phoenix,Fatal,Human,2,1,<=2022,pre
PFC-2021-AZ-542DC4D4,Ped,0,2021-12-31,Phoenix,Fatal,Human,1,1,<=2022,pre
PFC-2021-CA-78E21431,Ped,0,2021-07-26,SF Bay,Fatal,Human,2,2,<=2022,pre
PFC-2021-AZ-D21270F8,Ped,0,2021-12-10,Phoenix,Fatal,Human,2,2,<=2022,pre
PFC-2021-TX-BEB1CAF6,Ped,0,2021-12-14,Austin,Fatal,Human,1,1,<=2022,pre
PFC-2021-AZ-6770ED33,Ped,0,2021-12-12,Phoenix,Fatal,Human,2,2,<=2022,pre
PFC-2021-CA-DE609846,Ped,0,2021-12-12,Los Angeles,Fatal,Human,1,1,<=2022,pre
PFC-2021-AZ-6D208C57,Ped,0,2021-12-11,Phoenix,Fatal,Human,2,2,<=2022,pre
PFC-2021-AZ-8E6B9EC2,Ped,0,2021-12-11,Phoenix,Fatal,Human,1,1,<=2022,pre
PFC-2021-TX-A4D36B6D,Ped,0,2021-12-04,Austin,Fatal,Human,1,1,<=2022,pre
PFC-2021-CA-C1BC39E9,Ped,0,2021-12-04,Los Angeles,Fatal,Human,1,1,<=2022,pre
PFC-2021-TX-BE85E5C1,Ped,0,2021-11-09,Austin,Fatal,Human,1,1,<=2022,pre
PFC-2021-TX-ED55F08D,Ped,0,2021-11-23,Austin,Fatal,Human,1,1,<=2022,pre
PFC-2021-AZ-505AEB47,Ped,0,2021-12-02,Phoenix,Fatal,Human,1,1,<=2022,pre
PFC-2021-CA-30405EB7,Ped,0,2021-12-27,Los Angeles,Fatal,Human,1,1,<=2022,pre
PFC-2021-CA-FA68330A,Ped,0,2021-08-06,Los Angeles,Fatal,Human,1,1,<=2022,pre
PFC-2021-AZ-C01A02E7,Ped,0,2021-10-23,Phoenix,Fatal,Human,1,1,<=2022,pre
PFC-2021-CA-6C7E038E,Ped,0,2021-06-04,Los Angeles,Fatal,Human,1,1,<=2022,pre
PFC-2021-CA-E9FCC042,Ped,0,2021-08-06,Los Angeles,Fatal,Human,1,1,<=2022,pre
PFC-2021-CA-F77420EC,Ped,0,2021-08-06,Los Angeles,Fatal,Human,1,1,<=2022,pre
PFC-2021-CA-4E3054AC,Ped,0,2021-08-06,Los Angeles,Fatal,Human,1,1,<=2022,pre
PFC-2021-CA-88283343,Ped,0,2021-02-25,SF Bay,Fatal,Human,1,1,<=2022,pre
PFC-2022-CA-41A90DFC,Ped,0,2022-01-30,SF Bay,Fatal,Human,1,1,<=2022,pre
PFC-2022-AZ-22AAEC1A,Ped,0,2022-01-29,Phoenix,Fatal,Human,1,1,<=2022,pre
PFC-2022-AZ-EDA438EA,Ped,0,2022-01-14,Phoenix,Fatal,Human,1,1,<=2022,pre
PFC-2022-CA-169DFDB7,Ped,0,2022-01-21,Los Angeles,Fatal,Human,2,1,<=2022,pre
PFC-2022-CA-A22FF265,Ped,0,2022-01-11,Los Angeles,Fatal,Human,1,1,<=2022,pre
PFC-2022-AZ-1CCE7E06,Ped,0,2022-01-14,Phoenix,Fatal,Human,1,1,<=2022,pre
PFC-2022-AZ-19F9F5E7,Ped,0,2022-01-01,Phoenix,Fatal,Human,1,1,<=2022,pre
PFC-2022-AZ-B007F4D8,Ped,0,2022-02-19,Phoenix,Fatal,Human,1,1,<=2022,pre
PFC-2022-TX-64866981,Ped,0,2022-02-21,Austin,Fatal,Human,1,1,<=2022,pre
PFC-2022-AZ-5CFDD6ED,Ped,0,2022-02-19,Phoenix,Fatal,Human,1,1,<=2022,pre
PFC-2022-CA-B5D79446,Ped,0,2022-02-17,Los Angeles,Fatal,Human,4,3,<=2022,pre
PFC-2022-CA-12B4E934,Ped,0,2022-01-27,Los Angeles,Fatal,Human,3,1,<=2022,pre
PFC-2022-TX-F59BF45C,Ped,0,2022-02-16,Austin,Fatal,Human,1,1,<=2022,pre
PFC-2022-CA-B2D08F28,Ped,0,2022-02-11,Los Angeles,Fatal,Human,1,1,<=2022,pre
PFC-2022-AZ-47D04778,Ped,0,2022-02-02,Phoenix,Fatal,Human,1,1,<=2022,pre
PFC-2022-TX-C242C7D9,Ped,0,2022-01-29,Austin,Fatal,Human,1,1,<=2022,pre
PFC-2022-AZ-2FB61BA5,Ped,0,2022-03-22,Phoenix,Fatal,Human,1,1,<=2022,pre
PFC-2022-CA-CE9ED2A7,Ped,0,2022-02-26,Los Angeles,Fatal,Human,1,1,<=2022,pre
PFC-2022-CA-00A54B24,Ped,0,2022-03-04,Los Angeles,Fatal,Human,1,1,<=2022,pre
PFC-2022-TX-6FE95E45,Ped,0,2022-04-28,Austin,Fatal,Human,1,1,<=2022,pre
PFC-2022-AZ-054DEB00,Ped,0,2022-04-27,Phoenix,Fatal,Human,1,1,<=2022,pre
PFC-2022-CA-8DC2FBC2,Ped,0,2022-04-22,Los Angeles,Fatal,Human,4,2,<=2022,pre
PFC-2022-CA-041BAF06,Ped,0,2022-04-21,Los Angeles,Fatal,Human,1,1,<=2022,pre
PFC-2022-CA-EDECD7BF,Ped,0,2022-04-14,Los Angeles,Fatal,Human,1,1,<=2022,pre
PFC-2022-CA-3A648DCC,Ped,0,2022-04-12,Los Angeles,Fatal,Human,1,1,<=2022,pre
PFC-2022-CA-4973B8FF,Ped,0,2022-04-07,SF Bay,Fatal,Human,1,1,<=2022,pre
PFC-2022-NV-9958ACE4,Ped,0,2022-04-09,Las Vegas,Fatal,Human,1,1,<=2022,pre
PFC-2022-AZ-5CCCF91A,Ped,0,2022-04-08,Phoenix,Fatal,Human,1,1,<=2022,pre
PFC-2022-CA-0508CEEA,Ped,0,2022-04-07,Los Angeles,Fatal,Human,1,1,<=2022,pre
PFC-2022-CA-36D1127A,Ped,0,2022-04-05,Los Angeles,Fatal,Human,1,1,<=2022,pre
PFC-2022-AZ-8303998B,Ped,0,2022-04-05,Phoenix,Fatal,Human,2,2,<=2022,pre
PFC-2022-CA-3FC2589F,Ped,0,2022-04-02,Los Angeles,Fatal,Human,1,1,<=2022,pre
PFC-2022-CA-EBFF211A,Ped,0,2022-04-01,Los Angeles,Fatal,Human,1,1,<=2022,pre
PFC-2022-TX-8C4B8CD1,Ped,0,2022-02-27,Austin,Fatal,Human,1,1,<=2022,pre
PFC-2022-AZ-E372499B,Ped,0,2022-05-28,Phoenix,Fatal,Human,1,1,<=2022,pre
PFC-2022-AZ-2C15897D,Ped,0,2022-05-28,Phoenix,Fatal,Human,2,1,<=2022,pre
PFC-2022-TX-331A5178,Ped,0,2022-05-21,Austin,Fatal,Human,1,1,<=2022,pre
PFC-2022-CA-EF5E2E01,Ped,0,2022-05-25,Los Angeles,Fatal,Human,1,1,<=2022,pre
PFC-2022-CA-B6981FDC,Ped,0,2022-05-22,SF Bay,Fatal,Human,3,3,<=2022,pre
PFC-2022-CA-53751D4C,Ped,0,2022-05-15,Los Angeles,Fatal,Human,1,1,<=2022,pre
PFC-2022-CA-0A3CBC37,Ped,0,2022-04-27,Los Angeles,Fatal,Human,1,1,<=2022,pre
PFC-2022-CA-B0B10286,Ped,0,2022-05-12,Los Angeles,Fatal,Human,1,1,<=2022,pre
PFC-2022-AZ-81395BCC,Ped,0,2022-05-11,Phoenix,Fatal,Human,1,1,<=2022,pre
PFC-2022-AZ-1BF07B24,Ped,0,2022-05-07,Phoenix,Fatal,Human,1,1,<=2022,pre
PFC-2022-AZ-9EC8AFAC,Ped,0,2022-05-07,Phoenix,Fatal,Human,1,1,<=2022,pre
PFC-2022-CA-675EBFB4,Ped,0,2022-05-05,Los Angeles,Fatal,Human,1,1,<=2022,pre
PFC-2022-AZ-088D15B0,Ped,0,2022-05-04,Phoenix,Fatal,Human,1,1,<=2022,pre
PFC-2022-AZ-7303047B,Ped,0,2022-05-04,Phoenix,Fatal,Human,1,1,<=2022,pre
PFC-2022-CA-F5A11ED5,Ped,0,2022-05-01,SF Bay,Fatal,Human,1,1,<=2022,pre
PFC-2022-CA-465B1D84,Ped,0,2022-05-02,Los Angeles,Fatal,Human,1,1,<=2022,pre
PFC-2022-AZ-42A456F2,Ped,0,2022-05-01,Phoenix,Fatal,Human,1,1,<=2022,pre
PFC-2022-AZ-F56B056B,Ped,0,2022-06-30,Phoenix,Fatal,Human,4,4,<=2022,pre
PFC-2022-AZ-A7ACDA01,Ped,0,2022-06-20,Phoenix,Fatal,Human,3,3,<=2022,pre
PFC-2022-TX-73818385,Ped,0,2022-06-20,Austin,Fatal,Human,1,1,<=2022,pre
PFC-2022-AZ-399E1172,Ped,0,2022-06-17,Phoenix,Fatal,Human,1,1,<=2022,pre
PFC-2022-CA-F4AABCF4,Ped,0,2022-06-15,Los Angeles,Fatal,Human,2,2,<=2022,pre
PFC-2022-AZ-BC51A618,Ped,0,2022-06-08,Phoenix,Fatal,Human,2,2,<=2022,pre
PFC-2022-CA-0D375801,Ped,0,2022-06-01,Los Angeles,Fatal,Human,2,2,<=2022,pre
PFC-2022-CA-FD7DB92D,Ped,0,2022-07-17,Los Angeles,Fatal,Human,1,1,<=2022,pre
PFC-2022-CA-B3EED63D,Ped,0,2022-07-02,Los Angeles,Fatal,Human,1,1,<=2022,pre
PFC-2022-NV-2EB84DDD,Ped,0,2022-07-04,Las Vegas,Fatal,Human,1,1,<=2022,pre
PFC-2022-CA-53B8342C,Ped,0,2022-07-03,Los Angeles,Fatal,Human,2,2,<=2022,pre
PFC-2022-TX-5C65F71C,Ped,0,2022-07-02,Austin,Fatal,Human,1,1,<=2022,pre
PFC-2022-CA-2224C04C,Ped,0,2022-08-25,SF Bay,Fatal,Human,1,1,<=2022,pre
PFC-2022-CA-1F58FEC2,Ped,0,2022-08-25,SF Bay,Fatal,Human,2,2,<=2022,pre
PFC-2022-TX-AA52AE2C,Ped,0,2022-08-17,Austin,Fatal,Human,1,1,<=2022,pre
PFC-2022-CA-511B1E07,Ped,0,2022-07-28,Los Angeles,Fatal,Human,1,1,<=2022,pre
PFC-2022-AZ-118B5BD5,Ped,0,2022-08-10,Phoenix,Fatal,Human,2,2,<=2022,pre
PFC-2022-NV-20F9784A,Ped,0,2022-08-09,Las Vegas,Fatal,Human,1,1,<=2022,pre
PFC-2022-CA-EA6DB46F,Ped,0,2022-09-29,Los Angeles,Fatal,Human,1,1,<=2022,pre
PFC-2022-CA-BF4A479D,Ped,0,2022-09-28,Los Angeles,Fatal,Human,1,1,<=2022,pre
PFC-2022-NV-65BCDBAF,Ped,0,2022-09-23,Las Vegas,Fatal,Human,1,1,<=2022,pre
PFC-2022-AZ-F15E44E3,Ped,0,2022-09-20,Phoenix,Fatal,Human,1,1,<=2022,pre
PFC-2022-TX-687F4D08,Ped,0,2022-09-18,Austin,Fatal,Human,1,1,<=2022,pre
PFC-2022-AZ-A7486DCE,Ped,0,2022-09-16,Phoenix,Fatal,Human,4,2,<=2022,pre
PFC-2022-CA-BDCA00AD,Ped,0,2022-09-12,Los Angeles,Fatal,Human,1,1,<=2022,pre
PFC-2022-CA-FB20CADF,Ped,0,2022-09-12,Los Angeles,Fatal,Human,2,2,<=2022,pre
PFC-2022-AZ-5444882B,Ped,0,2022-09-09,Phoenix,Fatal,Human,2,2,<=2022,pre
PFC-2022-AZ-13B09D4F,Ped,0,2022-09-02,Phoenix,Fatal,Human,2,2,<=2022,pre
PFC-2022-CA-4F797A7C,Ped,0,2022-08-16,Los Angeles,Fatal,Human,1,1,<=2022,pre
PFC-2022-AZ-1DA6DCF9,Ped,0,2022-10-28,Phoenix,Fatal,Human,1,1,<=2022,pre
PFC-2022-CA-DA3B4B38,Ped,0,2022-10-27,Los Angeles,Fatal,Human,1,1,<=2022,pre
PFC-2022-TX-F832054C,Ped,0,2022-10-26,Austin,Fatal,Human,1,1,<=2022,pre
PFC-2022-CA-379A47A1,Ped,0,2022-10-24,SF Bay,Fatal,Human,3,2,<=2022,pre
PFC-2022-TX-1DD129ED,Ped,0,2022-10-20,Austin,Fatal,Human,1,1,<=2022,pre
PFC-2022-AZ-5A6C3312,Ped,0,2022-10-18,Phoenix,Fatal,Human,1,1,<=2022,pre
PFC-2022-NV-FAB1CA4B,Ped,0,2022-10-18,Las Vegas,Fatal,Human,1,1,<=2022,pre
PFC-2022-TX-1C648786,Ped,0,2022-10-12,Austin,Fatal,Human,1,1,<=2022,pre
PFC-2022-CA-09A86A85,Ped,0,2022-10-08,Los Angeles,Fatal,Human,5,2,<=2022,pre
PFC-2022-AZ-3F174712,Ped,0,2022-10-09,Phoenix,Fatal,Human,1,1,<=2022,pre
PFC-2022-AZ-A6D070EF,Ped,0,2022-10-04,Phoenix,Fatal,Human,2,2,<=2022,pre
PFC-2022-CA-A0DB8DB7,Ped,0,2022-10-04,Los Angeles,Fatal,Human,2,2,<=2022,pre
PFC-2022-AZ-58BA00EB,Ped,0,2022-10-03,Phoenix,Fatal,Human,1,1,<=2022,pre
PFC-2022-AZ-0B8DDF5D,Ped,0,2022-11-29,Phoenix,Fatal,Human,2,2,<=2022,pre
PFC-2022-AZ-144757F3,Ped,0,2022-11-26,Phoenix,Fatal,Human,1,1,<=2022,pre
PFC-2022-AZ-AC8172CE,Ped,0,2022-11-25,Phoenix,Fatal,Human,1,1,<=2022,pre
PFC-2022-AZ-D066C914,Ped,0,2022-11-23,Phoenix,Fatal,Human,1,1,<=2022,pre
PFC-2022-AZ-86FC473B,Ped,0,2022-11-21,Phoenix,Fatal,Human,1,1,<=2022,pre
PFC-2022-CA-C2F2CB00,Ped,0,2022-11-19,Los Angeles,Fatal,Human,1,1,<=2022,pre
PFC-2022-AZ-92F5BA5A,Ped,0,2022-11-16,Phoenix,Fatal,Human,3,3,<=2022,pre
PFC-2022-AZ-72E34672,Ped,0,2022-11-09,Phoenix,Fatal,Human,1,1,<=2022,pre
PFC-2022-AZ-A6863042,Ped,0,2022-11-09,Phoenix,Fatal,Human,1,1,<=2022,pre
PFC-2022-CA-97003A16,Ped,0,2022-11-09,Los Angeles,Fatal,Human,2,2,<=2022,pre
PFC-2022-AZ-BB0BB542,Ped,0,2022-11-03,Phoenix,Fatal,Human,1,1,<=2022,pre
PFC-2022-CA-33DE1C22,Ped,0,2022-11-02,SF Bay,Fatal,Human,1,1,<=2022,pre
PFC-2022-CA-767B2B22,Ped,0,2022-11-01,Los Angeles,Fatal,Human,1,1,<=2022,pre
PFC-2022-TX-CB431D53,Ped,0,2022-12-22,Austin,Fatal,Human,1,1,<=2022,pre
PFC-2022-NV-2D9DE01F,Ped,0,2022-12-28,Las Vegas,Fatal,Human,1,1,<=2022,pre
PFC-2022-CA-DF5E65D4,Ped,0,2022-12-28,SF Bay,Fatal,Human,1,1,<=2022,pre
PFC-2022-AZ-6D85A552,Ped,0,2022-12-26,Phoenix,Fatal,Human,1,1,<=2022,pre
PFC-2022-AZ-743B6E3F,Ped,0,2022-12-19,Phoenix,Fatal,Human,1,1,<=2022,pre
PFC-2022-CA-6932970F,Ped,0,2022-12-28,Los Angeles,Fatal,Human,2,2,<=2022,pre
PFC-2022-CA-EB4FE5AE,Ped,0,2022-12-24,Los Angeles,Fatal,Human,4,3,<=2022,pre
PFC-2022-TX-5ABD9C77,Ped,0,2022-12-16,Austin,Fatal,Human,1,1,<=2022,pre
PFC-2022-NV-A841A386,Ped,0,2022-12-16,Las Vegas,Fatal,Human,1,1,<=2022,pre
PFC-2022-AZ-3A897A72,Ped,0,2022-12-14,Phoenix,Fatal,Human,1,1,<=2022,pre
PFC-2022-AZ-C7C579CC,Ped,0,2022-12-07,Phoenix,Fatal,Human,1,1,<=2022,pre
PFC-2022-AZ-BFBCFC67,Ped,0,2022-12-06,Phoenix,Fatal,Human,7,4,<=2022,pre
PFC-2022-AZ-1E6DF448,Ped,0,2022-12-01,Phoenix,Fatal,Human,1,1,<=2022,pre
PFC-2022-CA-E41D26CF,Ped,0,2022-12-25,Los Angeles,Fatal,Human,1,1,<=2022,pre
PFC-2022-TX-55C154B5,Ped,0,2022-10-19,Austin,Fatal,Human,1,1,<=2022,pre
PFC-2022-AZ-821AD253,Ped,0,2022-12-31,Phoenix,Fatal,Human,1,1,<=2022,pre
PFC-2022-CA-2736320C,Ped,0,2022-12-24,Los Angeles,Fatal,Human,1,1,<=2022,pre
PFC-2022-CA-F96115BA,Ped,0,2022-12-24,Los Angeles,Fatal,Human,1,1,<=2022,pre
PFC-2023-CA-7F34C39E,Ped,0,2023-01-09,Los Angeles,Fatal,Human,1,1,2023,pre
PFC-2023-CA-8FC7270E,Ped,0,2023-01-26,Los Angeles,Fatal,Human,1,1,2023,pre
PFC-2023-NV-CD286F14,Ped,0,2023-01-25,Las Vegas,Fatal,Human,1,1,2023,pre
PFC-2023-CA-3C4C7F8C,Ped,0,2023-01-25,Los Angeles,Fatal,Human,1,1,2023,pre
PFC-2023-CA-8EDEBC89,Ped,0,2023-01-23,Los Angeles,Fatal,Human,1,1,2023,pre
PFC-2023-CA-690D4FCD,Ped,0,2023-01-23,SF Bay,Fatal,Human,1,1,2023,pre
PFC-2023-CA-F6A5FA29,Ped,0,2023-01-22,SF Bay,Fatal,Human,1,1,2023,pre
PFC-2023-NV-4A18E62F,Ped,0,2023-01-21,Las Vegas,Fatal,Human,1,1,2023,pre
PFC-2023-AZ-022CAC95,Ped,0,2023-01-20,Phoenix,Fatal,Human,2,2,2023,pre
PFC-2023-AZ-4CB9E447,Ped,0,2023-01-18,Phoenix,Fatal,Human,2,2,2023,pre
PFC-2023-AZ-D8AB91E4,Ped,0,2023-01-19,Phoenix,Fatal,Human,1,1,2023,pre
PFC-2023-CA-5331211F,Ped,0,2023-01-17,Los Angeles,Fatal,Human,1,1,2023,pre
PFC-2023-AZ-215F341D,Ped,0,2023-01-14,Phoenix,Fatal,Human,1,1,2023,pre
PFC-2023-CA-C180E259,Ped,0,2023-01-11,Los Angeles,Fatal,Human,1,1,2023,pre
PFC-2023-CA-054A7EAA,Ped,0,2023-01-09,Los Angeles,Fatal,Human,1,1,2023,pre
PFC-2023-AZ-2E813CDB,Ped,0,2023-02-25,Phoenix,Fatal,Human,3,3,2023,pre
PFC-2023-CA-2C3D69BB,Ped,0,2023-02-22,SF Bay,Fatal,Human,3,3,2023,pre
PFC-2023-CA-D3D63EA7,Ped,0,2023-02-19,SF Bay,Fatal,Human,12,2,2023,pre
PFC-2023-CA-6AB2D217,Ped,0,2023-02-19,SF Bay,Fatal,Human,1,1,2023,pre
PFC-2023-AZ-EFB03476,Ped,0,2023-02-18,Phoenix,Fatal,Human,1,1,2023,pre
PFC-2023-AZ-1B12319A,Ped,0,2023-02-14,Phoenix,Fatal,Human,1,1,2023,pre
PFC-2023-CA-2DA55672,Ped,0,2023-02-15,Los Angeles,Fatal,Human,4,1,2023,pre
PFC-2023-AZ-66FFA72E,Ped,0,2023-02-11,Phoenix,Fatal,Human,3,3,2023,pre
PFC-2023-AZ-C5223858,Ped,0,2023-02-07,Phoenix,Fatal,Human,4,3,2023,pre
PFC-2023-TX-4466A62B,Ped,0,2023-02-04,Austin,Fatal,Human,1,1,2023,pre
PFC-2023-CA-4A33B0BC,Ped,0,2023-01-10,Los Angeles,Fatal,Human,2,2,2023,pre
PFC-2023-CA-17A284C2,Ped,0,2023-03-24,Los Angeles,Fatal,Human,1,1,2023,pre
PFC-2023-AZ-8B8C456E,Ped,0,2023-03-23,Phoenix,Fatal,Human,2,2,2023,pre
PFC-2023-CA-F72BA736,Ped,0,2023-03-19,Los Angeles,Fatal,Human,1,1,2023,pre
PFC-2023-TX-10A42052,Ped,0,2023-03-18,Austin,Fatal,Human,1,1,2023,pre
PFC-2023-CA-FAC4B3D2,Ped,0,2023-02-26,Los Angeles,Fatal,Human,1,1,2023,pre
PFC-2023-AZ-163AC9C3,Ped,0,2023-03-13,Phoenix,Fatal,Human,1,1,2023,pre
PFC-2023-CA-9DDDE3D5,Ped,0,2023-04-27,Los Angeles,Fatal,Human,1,1,2023,pre
PFC-2023-CA-8AEBF5A5,Ped,0,2023-04-25,Los Angeles,Fatal,Human,2,2,2023,pre
PFC-2023-CA-4DA5B391,Ped,0,2023-04-22,SF Bay,Fatal,Human,1,1,2023,pre
PFC-2023-AZ-85982523,Ped,0,2023-04-23,Phoenix,Fatal,Human,3,2,2023,pre
PFC-2023-CA-D1494688,Ped,0,2023-04-06,Los Angeles,Fatal,Human,1,1,2023,pre
PFC-2023-CA-EC831E1C,Ped,0,2023-04-06,Los Angeles,Fatal,Human,1,1,2023,pre
PFC-2023-NV-3C8B926D,Ped,0,2023-04-04,Las Vegas,Fatal,Human,1,1,2023,pre
PFC-2023-AZ-6A9B92C8,Ped,0,2023-04-03,Phoenix,Fatal,Human,2,2,2023,pre
PFC-2023-AZ-EEF94346,Ped,0,2023-05-30,Phoenix,Fatal,Human,1,1,2023,pre
PFC-2023-TX-34746093,Ped,0,2023-05-29,Austin,Fatal,Human,1,1,2023,pre
PFC-2023-AZ-F8E3FEFF,Ped,0,2023-05-28,Phoenix,Fatal,Human,2,2,2023,pre
PFC-2023-TX-107440B8,Ped,0,2023-05-25,Austin,Fatal,Human,1,1,2023,pre
PFC-2023-CA-C0BCE337,Ped,0,2023-05-21,Los Angeles,Fatal,Human,1,1,2023,pre
PFC-2023-TX-C70D9C0A,Ped,0,2023-05-20,Austin,Fatal,Human,1,1,2023,pre
PFC-2023-AZ-5F046A9C,Ped,0,2023-05-19,Phoenix,Fatal,Human,1,1,2023,pre
PFC-2023-AZ-58F90AE0,Ped,0,2023-05-17,Phoenix,Fatal,Human,1,1,2023,pre
PFC-2023-AZ-49A54F72,Ped,0,2023-05-17,Phoenix,Fatal,Human,1,1,2023,pre
PFC-2023-CA-3AFA03B2,Ped,0,2023-05-14,SF Bay,Fatal,Human,1,1,2023,pre
PFC-2023-CA-4D3E32FE,Ped,0,2023-05-13,Los Angeles,Fatal,Human,1,1,2023,pre
PFC-2023-AZ-AD9F030A,Ped,0,2023-05-11,Phoenix,Fatal,Human,2,2,2023,pre
PFC-2023-CA-4754A6BD,Ped,0,2023-05-11,Los Angeles,Fatal,Human,1,1,2023,pre
PFC-2023-AZ-F430953E,Ped,0,2023-05-09,Phoenix,Fatal,Human,1,1,2023,pre
PFC-2023-CA-0B704C8B,Ped,0,2023-05-02,Los Angeles,Fatal,Human,1,1,2023,pre
PFC-2023-CA-FE804BFE,Ped,0,2023-06-16,SF Bay,Fatal,Human,1,1,2023,pre
PFC-2023-AZ-C70B853C,Ped,0,2023-06-26,Phoenix,Fatal,Human,1,1,2023,pre
PFC-2023-TX-9DBE0F6C,Ped,0,2023-06-24,Austin,Fatal,Human,1,1,2023,pre
PFC-2023-CA-4896F872,Ped,0,2023-06-23,Los Angeles,Fatal,Human,1,1,2023,pre
PFC-2023-CA-51C231A5,Ped,0,2023-06-19,Los Angeles,Fatal,Human,4,4,2023,pre
PFC-2023-TX-8E7A97B7,Ped,0,2023-06-17,Austin,Fatal,Human,1,1,2023,pre
PFC-2023-AZ-CC67554D,Ped,0,2023-06-10,Phoenix,Fatal,Human,1,1,2023,pre
PFC-2023-NV-5D2A686D,Ped,0,2023-06-09,Las Vegas,Fatal,Human,1,1,2023,pre
PFC-2023-CA-FD028330,Ped,0,2023-06-07,Los Angeles,Fatal,Human,2,2,2023,pre
PFC-2023-AZ-71FB67FF,Ped,0,2023-06-01,Phoenix,Fatal,Human,1,1,2023,pre
PFC-2023-CA-06B104D6,Ped,0,2023-07-29,Los Angeles,Fatal,Human,1,1,2023,pre
PFC-2023-CA-00EA695A,Ped,0,2023-07-17,Los Angeles,Fatal,Human,1,1,2023,pre
PFC-2023-CA-B30C6C6F,Ped,0,2023-07-14,Los Angeles,Fatal,Human,1,1,2023,pre
PFC-2023-CA-010E6600,Ped,0,2023-07-13,Los Angeles,Fatal,Human,1,1,2023,pre
PFC-2023-AZ-ED5C4FA0,Ped,0,2023-07-11,Phoenix,Fatal,Human,1,1,2023,pre
PFC-2023-AZ-A5A290C9,Ped,0,2023-07-05,Phoenix,Fatal,Human,1,1,2023,pre
PFC-2023-CA-DC10E19F,Ped,0,2023-08-28,Los Angeles,Fatal,Human,1,1,2023,pre
PFC-2023-AZ-FFB753C7,Ped,0,2023-08-22,Phoenix,Fatal,Human,2,2,2023,pre
PFC-2023-AZ-C41AEF0A,Ped,0,2023-08-15,Phoenix,Fatal,Human,1,1,2023,pre
PFC-2023-CA-F4B8132B,Ped,0,2023-08-09,Los Angeles,Fatal,Human,2,2,2023,pre
PFC-2023-AZ-D92F8CD5,Ped,0,2023-08-13,Phoenix,Fatal,Human,1,1,2023,pre
PFC-2023-AZ-63637266,Ped,0,2023-08-13,Phoenix,Fatal,Human,1,1,2023,pre
PFC-2023-AZ-9501A820,Ped,0,2023-08-12,Phoenix,Fatal,Human,1,1,2023,pre
PFC-2023-CA-71898AD8,Ped,0,2023-07-21,Los Angeles,Fatal,Human,2,2,2023,pre
PFC-2023-CA-FA0BA55F,Ped,0,2023-08-09,Los Angeles,Fatal,Human,1,1,2023,pre
PFC-2023-AZ-A73C6F85,Ped,0,2023-07-28,Phoenix,Fatal,Human,1,1,2023,pre
PFC-2023-CA-DBF0D932,Ped,0,2023-09-30,Los Angeles,Fatal,Human,1,1,2023,pre
PFC-2023-NV-E11824B9,Ped,0,2023-05-02,Las Vegas,Fatal,Human,1,1,2023,pre
PFC-2023-NV-966CFBFB,Ped,0,2023-09-27,Las Vegas,Fatal,Human,1,1,2023,pre
PFC-2023-CA-D1C0491B,Ped,0,2023-09-25,Los Angeles,Fatal,Human,1,1,2023,pre
PFC-2023-NV-4ED17D77,Ped,0,2023-09-19,Las Vegas,Fatal,Human,1,1,2023,pre
PFC-2023-CA-9D935853,Ped,0,2023-09-24,Los Angeles,Fatal,Human,1,1,2023,pre
PFC-2023-NV-DEB30738,Ped,0,2023-09-25,Las Vegas,Fatal,Human,2,1,2023,pre
PFC-2023-CA-7C2D99F0,Ped,0,2023-09-23,Los Angeles,Fatal,Human,1,1,2023,pre
PFC-2023-AZ-63698A10,Ped,0,2023-09-21,Phoenix,Fatal,Human,4,3,2023,pre
PFC-2023-CA-2065A166,Ped,0,2023-09-21,Los Angeles,Fatal,Human,1,1,2023,pre
PFC-2023-CA-A4A85DBF,Ped,0,2023-09-20,SF Bay,Fatal,Human,1,1,2023,pre
PFC-2023-NV-809E6F70,Ped,0,2023-09-21,Las Vegas,Fatal,Human,1,1,2023,pre
PFC-2023-NV-AAD6638D,Ped,0,2023-09-20,Las Vegas,Fatal,Human,1,1,2023,pre
PFC-2023-CA-B8D30973,Ped,0,2023-09-18,Los Angeles,Fatal,Human,4,4,2023,pre
PFC-2023-NV-21FD084A,Ped,0,2023-09-18,Las Vegas,Fatal,Human,1,1,2023,pre
PFC-2023-CA-9942EFA3,Ped,0,2023-09-17,SF Bay,Fatal,Human,1,1,2023,pre
PFC-2023-AZ-8AB405BF,Ped,0,2023-09-14,Phoenix,Fatal,Human,3,3,2023,pre
PFC-2023-CA-6F85EAB5,Ped,0,2023-08-14,SF Bay,Fatal,Human,1,1,2023,pre
PFC-2023-AZ-D3A00FE2,Ped,0,2023-09-10,Phoenix,Fatal,Human,5,3,2023,pre
PFC-2023-AZ-CFA011FB,Ped,0,2023-09-10,Phoenix,Fatal,Human,2,2,2023,pre
PFC-2023-NV-448E4DE7,Ped,0,2023-09-05,Las Vegas,Fatal,Human,1,1,2023,pre
PFC-2023-CA-36CEAAEE,Ped,0,2023-09-05,Los Angeles,Fatal,Human,1,1,2023,pre
PFC-2023-AZ-896AC8FF,Ped,0,2023-09-03,Phoenix,Fatal,Human,3,3,2023,pre
PFC-2023-AZ-BDDB58E6,Ped,0,2023-09-01,Phoenix,Fatal,Human,1,1,2023,pre
PFC-2023-CA-63C93493,Ped,0,2023-09-01,SF Bay,Fatal,Human,1,1,2023,pre
PFC-2023-NV-B77FDBCE,Ped,0,2023-10-27,Las Vegas,Fatal,Human,2,1,2023,post
PFC-2023-AZ-C95A86E3,Ped,0,2023-10-22,Phoenix,Fatal,Human,1,1,2023,post
PFC-2023-AZ-FB0D6D8F,Ped,0,2023-10-20,Phoenix,Fatal,Human,1,1,2023,post
PFC-2023-CA-D7BCA788,Ped,0,2023-10-20,Los Angeles,Fatal,Human,1,1,2023,post
PFC-2023-NV-4E8F3E76,Ped,0,2023-10-20,Las Vegas,Fatal,Human,1,1,2023,post
PFC-2023-CA-6AE923F1,Ped,0,2023-10-19,SF Bay,Fatal,Human,1,1,2023,post
PFC-2023-NV-C8DABAAE,Ped,0,2023-10-16,Las Vegas,Fatal,Human,1,1,2023,post
PFC-2023-CA-E0FFEC0D,Ped,0,2023-10-07,Los Angeles,Fatal,Human,1,1,2023,post
PFC-2023-CA-81D73A00,Ped,0,2023-10-06,Los Angeles,Fatal,Human,1,1,2023,post
PFC-2023-CA-E6D10900,Ped,0,2023-09-24,Los Angeles,Fatal,Human,4,4,2023,pre
PFC-2023-CA-88AD255A,Ped,0,2023-10-02,Los Angeles,Fatal,Human,2,2,2023,post
PFC-2023-CA-5AC41963,Ped,0,2023-11-23,Los Angeles,Fatal,Human,2,1,2023,post
PFC-2023-CA-60FB649E,Ped,0,2023-11-19,Los Angeles,Fatal,Human,2,2,2023,post
PFC-2023-NV-B50929EC,Ped,0,2023-11-18,Las Vegas,Fatal,Human,1,1,2023,post
PFC-2023-CA-4693905C,Ped,0,2023-11-16,Los Angeles,Fatal,Human,12,5,2023,post
PFC-2023-AZ-A82AB235,Ped,0,2023-11-15,Phoenix,Fatal,Human,2,2,2023,post
PFC-2023-CA-AF9B7AEF,Ped,0,2023-11-14,SF Bay,Fatal,Human,1,1,2023,post
PFC-2023-CA-86752164,Ped,0,2023-11-13,Los Angeles,Fatal,Human,1,1,2023,post
PFC-2023-NV-09C7A8C3,Ped,0,2023-10-31,Las Vegas,Fatal,Human,1,1,2023,post
PFC-2023-AZ-87818B08,Ped,0,2023-11-10,Phoenix,Fatal,Human,1,1,2023,post
PFC-2023-CA-D7640383,Ped,0,2023-11-08,Los Angeles,Fatal,Human,2,1,2023,post
PFC-2023-NV-FFF57DCD,Ped,0,2023-11-08,Las Vegas,Fatal,Human,1,1,2023,post
PFC-2023-AZ-E15A9A0F,Ped,0,2023-11-08,Phoenix,Fatal,Human,2,2,2023,post
PFC-2023-NV-94A185C9,Ped,0,2023-10-27,Las Vegas,Fatal,Human,1,1,2023,post
PFC-2023-CA-A3A8285A,Ped,0,2023-11-05,Los Angeles,Fatal,Human,1,1,2023,post
PFC-2023-CA-D986965E,Ped,0,2023-10-28,SF Bay,Fatal,Human,3,3,2023,post
PFC-2023-AZ-77730630,Ped,0,2023-11-01,Phoenix,Fatal,Human,1,1,2023,post
PFC-2023-CA-AA7391D0,Ped,0,2023-11-01,Los Angeles,Fatal,Human,1,1,2023,post
PFC-2023-CA-658A8E5D,Ped,0,2023-11-02,Los Angeles,Fatal,Human,1,1,2023,post
PFC-2023-CA-7A1907F8,Ped,0,2023-11-01,Los Angeles,Fatal,Human,1,1,2023,post
PFC-2023-CA-ABBC53E8,Ped,0,2023-10-28,SF Bay,Fatal,Human,1,1,2023,post
PFC-2023-AZ-9773B9A1,Ped,0,2023-12-31,Phoenix,Fatal,Human,1,1,2023,post
PFC-2023-CA-B182E690,Ped,0,2023-12-24,Los Angeles,Fatal,Human,1,1,2023,post
PFC-2023-CA-037ACED4,Ped,0,2023-12-19,Los Angeles,Fatal,Human,4,3,2023,post
PFC-2023-CA-39E81EBB,Ped,0,2023-12-21,Los Angeles,Fatal,Human,3,2,2023,post
PFC-2023-CA-BBD26D14,Ped,0,2023-12-16,Los Angeles,Fatal,Human,1,1,2023,post
PFC-2023-CA-D75CB027,Ped,0,2023-12-17,Los Angeles,Fatal,Human,1,1,2023,post
PFC-2023-CA-9E5AEDD9,Ped,0,2023-11-19,SF Bay,Fatal,Human,2,1,2023,post
PFC-2023-CA-838A0FB6,Ped,0,2023-12-08,Los Angeles,Fatal,Human,4,4,2023,post
PFC-2023-NV-CD2EF17A,Ped,0,2023-12-11,Las Vegas,Fatal,Human,1,1,2023,post
PFC-2023-CA-82A2B133,Ped,0,2023-12-11,SF Bay,Fatal,Human,2,2,2023,post
PFC-2023-AZ-CB385D4A,Ped,0,2023-12-12,Phoenix,Fatal,Human,1,1,2023,post
PFC-2023-CA-1AA654EF,Ped,0,2023-12-08,SF Bay,Fatal,Human,1,1,2023,post
PFC-2023-AZ-EFFA4E2A,Ped,0,2023-12-11,Phoenix,Fatal,Human,1,1,2023,post
PFC-2023-NV-E5B24BA9,Ped,0,2023-12-11,Las Vegas,Fatal,Human,1,1,2023,post
PFC-2023-NV-DCD95855,Ped,0,2023-12-08,Las Vegas,Fatal,Human,1,1,2023,post
PFC-2023-CA-9C9BFFEE,Ped,0,2023-12-08,Los Angeles,Fatal,Human,1,1,2023,post
PFC-2023-CA-DCBF36AB,Ped,0,2023-07-09,SF Bay,Fatal,Human,1,1,2023,pre
PFC-2023-CA-3824EC6F,Ped,0,2023-12-06,SF Bay,Fatal,Human,1,1,2023,post
PFC-2023-NV-62D26B8B,Ped,0,2023-12-04,Las Vegas,Fatal,Human,1,1,2023,post
PFC-2023-AZ-31A6D8C0,Ped,0,2023-12-02,Phoenix,Fatal,Human,2,2,2023,post
PFC-2023-NV-12B9132E,Ped,0,2023-11-26,Las Vegas,Fatal,Human,1,1,2023,post
PFC-2023-CA-96995859,Ped,0,2023-10-02,SF Bay,Fatal,Human,1,1,2023,post
PFC-2023-CA-EF7AA761,Ped,0,2023-10-02,SF Bay,Fatal,Human,1,1,2023,post
PFC-2023-CA-E2395CBE,Ped,0,2023-10-02,SF Bay,Fatal,Human,1,1,2023,post
PFC-2023-AZ-E38CE54C,Ped,0,2023-12-31,Phoenix,Fatal,Human,1,1,2023,post
PFC-2023-CA-6B4D1E9D,Ped,0,2023-12-17,Los Angeles,Fatal,Human,1,1,2023,post
PFC-2023-AZ-D7AD0C1F,Ped,0,2023-12-31,Phoenix,Fatal,Human,1,1,2023,post
PFC-2023-AZ-EE3C0401,Ped,0,2023-12-31,Phoenix,Fatal,Human,1,1,2023,post
PFC-2023-CA-AD24185F,Ped,0,2023-11-01,Los Angeles,Fatal,Human,1,1,2023,post
PFC-2023-CA-D72EB7BD,Ped,0,2023-02-01,Los Angeles,Fatal,Human,1,1,2023,pre
PFC-2023-CA-C559AC49,Ped,0,2023-09-30,Los Angeles,Fatal,Human,1,1,2023,pre
PFC-2023-CA-9E5DDC72,Ped,0,2023-02-01,Los Angeles,Fatal,Human,1,1,2023,pre
PFC-2023-CA-DBC625A3,Ped,0,2023-02-01,Los Angeles,Fatal,Human,1,1,2023,pre
PFC-2023-CA-12A5E270,Ped,0,2023-02-01,Los Angeles,Fatal,Human,1,1,2023,pre
PFC-2023-CA-85170EBD,Ped,0,2023-02-01,Los Angeles,Fatal,Human,1,1,2023,pre
PFC-2024-NV-3CB20682,Ped,0,2024-01-01,Las Vegas,Fatal,Human,1,1,2024,post
PFC-2024-CA-2759AD68,Ped,0,2024-12-26,Los Angeles,Fatal,Human,1,1,2024,post
PFC-2024-CA-556E44C8,Ped,0,2024-12-27,SF Bay,Fatal,Human,1,1,2024,post
PFC-2024-AZ-1A1A2347,Ped,0,2024-12-27,Phoenix,Fatal,Human,1,1,2024,post
PFC-2024-AZ-4E6A9B63,Ped,0,2024-12-26,Phoenix,Fatal,Human,1,1,2024,post
PFC-2024-NV-2D9C8A0F,Ped,0,2024-01-28,Las Vegas,Fatal,Human,1,1,2024,post
PFC-2024-CA-30854FCD,Ped,0,2024-01-28,Los Angeles,Fatal,Human,1,1,2024,post
PFC-2024-NV-A63865BE,Ped,0,2024-01-26,Las Vegas,Fatal,Human,4,2,2024,post
PFC-2024-NV-CC7B636E,Ped,0,2024-01-22,Las Vegas,Fatal,Human,2,2,2024,post
PFC-2024-NV-7A3141A4,Ped,0,2024-01-18,Las Vegas,Fatal,Human,1,1,2024,post
PFC-2024-CA-B76A2665,Ped,0,2024-01-12,Los Angeles,Fatal,Human,12,6,2024,post
PFC-2024-CA-788E8DD9,Ped,0,2024-01-18,Los Angeles,Fatal,Human,1,1,2024,post
PFC-2024-CA-C2416286,Ped,0,2024-01-19,Los Angeles,Fatal,Human,1,1,2024,post
PFC-2024-AZ-94B4B592,Ped,0,2024-01-16,Phoenix,Fatal,Human,1,1,2024,post
PFC-2024-CA-171573C4,Ped,0,2024-01-14,SF Bay,Fatal,Human,1,1,2024,post
PFC-2024-AZ-EFDBF22A,Ped,0,2024-01-11,Phoenix,Fatal,Human,2,2,2024,post
PFC-2024-NV-358195FE,Ped,0,2024-01-09,Las Vegas,Fatal,Human,1,1,2024,post
PFC-2024-CA-D98046A2,Ped,0,2024-01-04,Los Angeles,Fatal,Human,1,1,2024,post
PFC-2024-AZ-62F1741D,Ped,0,2024-01-02,Phoenix,Fatal,Human,1,1,2024,post
PFC-2024-AZ-7BE84181,Ped,0,2024-02-28,Phoenix,Fatal,Human,2,2,2024,post
PFC-2024-CA-9D12BD63,Ped,0,2024-02-25,SF Bay,Fatal,Human,1,1,2024,post
PFC-2024-CA-40492E15,Ped,0,2024-02-08,SF Bay,Fatal,Human,3,3,2024,post
PFC-2024-CA-5A9ABF23,Ped,0,2024-02-26,Los Angeles,Fatal,Human,1,1,2024,post
PFC-2024-AZ-559FFEDD,Ped,0,2024-02-24,Phoenix,Fatal,Human,2,2,2024,post
PFC-2024-AZ-57F37C1D,Ped,0,2024-02-20,Phoenix,Fatal,Human,2,2,2024,post
PFC-2024-NV-FE2E9844,Ped,0,2024-02-15,Las Vegas,Fatal,Human,2,2,2024,post
PFC-2024-AZ-E41E1664,Ped,0,2024-02-15,Phoenix,Fatal,Human,1,1,2024,post
PFC-2024-CA-1D32F518,Ped,0,2024-02-14,Los Angeles,Fatal,Human,4,3,2024,post
PFC-2024-AZ-6B865700,Ped,0,2024-02-09,Phoenix,Fatal,Human,1,1,2024,post
PFC-2024-NV-AFCBC5E1,Ped,0,2024-02-09,Las Vegas,Fatal,Human,1,1,2024,post
PFC-2024-AZ-AA9191E5,Ped,0,2024-02-03,Phoenix,Fatal,Human,3,3,2024,post
PFC-2024-TX-E53367EC,Ped,0,2024-03-23,Austin,Fatal,Human,1,1,2024,post
PFC-2024-CA-659006CC,Ped,0,2024-03-22,Los Angeles,Fatal,Human,1,1,2024,post
PFC-2024-NV-3B2246B2,Ped,0,2024-03-22,Las Vegas,Fatal,Human,1,1,2024,post
PFC-2024-AZ-478D3044,Ped,0,2024-03-21,Phoenix,Fatal,Human,1,1,2024,post
PFC-2024-NV-2579DAEA,Ped,0,2024-03-22,Las Vegas,Fatal,Human,1,1,2024,post
PFC-2024-NV-91F72162,Ped,0,2024-03-16,Las Vegas,Fatal,Human,1,1,2024,post
PFC-2024-TX-D3C23A0F,Ped,0,2024-03-14,Austin,Fatal,Human,2,2,2024,post
PFC-2024-NV-1AFBFA1B,Ped,0,2024-03-13,Las Vegas,Fatal,Human,1,1,2024,post
PFC-2024-NV-4140A104,Ped,0,2024-03-14,Las Vegas,Fatal,Human,1,1,2024,post
PFC-2024-NV-AC146AC2,Ped,0,2024-03-12,Las Vegas,Fatal,Human,1,1,2024,post
PFC-2024-TX-44BD1155,Ped,0,2024-02-14,Austin,Fatal,Human,1,1,2024,post
PFC-2024-CA-A35E3E85,Ped,0,2024-03-11,SF Bay,Fatal,Human,2,2,2024,post
PFC-2024-CA-D8318189,Ped,0,2024-03-03,Los Angeles,Fatal,Human,1,1,2024,post
PFC-2024-AZ-ADBABC58,Ped,0,2024-03-02,Phoenix,Fatal,Human,1,1,2024,post
PFC-2024-CA-DC620952,Ped,0,2024-03-01,Los Angeles,Fatal,Human,2,2,2024,post
PFC-2024-CA-EF9574E4,Ped,0,2024-04-29,Los Angeles,Fatal,Human,1,1,2024,post
PFC-2024-CA-B29E9D3C,Ped,0,2024-04-30,Los Angeles,Fatal,Human,1,1,2024,post
PFC-2024-NV-21EE99A6,Ped,0,2024-04-28,Las Vegas,Fatal,Human,1,1,2024,post
PFC-2024-TX-1C91549C,Ped,0,2024-03-12,Austin,Fatal,Human,5,5,2024,post
PFC-2024-NV-9BA1B9C0,Ped,0,2024-04-13,Las Vegas,Fatal,Human,1,1,2024,post
PFC-2024-AZ-69CB81B7,Ped,0,2024-04-07,Phoenix,Fatal,Human,1,1,2024,post
PFC-2024-CA-CFD73458,Ped,0,2024-04-02,Los Angeles,Fatal,Human,1,1,2024,post
PFC-2024-NV-92EA41AC,Ped,0,2024-05-27,Las Vegas,Fatal,Human,1,1,2024,post
PFC-2024-CA-0381FD86,Ped,0,2024-05-23,SF Bay,Fatal,Human,1,1,2024,post
PFC-2024-CA-05F17E58,Ped,0,2024-05-12,Los Angeles,Fatal,Human,2,2,2024,post
PFC-2024-AZ-C44283B9,Ped,0,2024-05-12,Phoenix,Fatal,Human,2,2,2024,post
PFC-2024-NV-59840B11,Ped,0,2024-05-10,Las Vegas,Fatal,Human,1,1,2024,post
PFC-2024-NV-13376DDC,Ped,0,2024-05-05,Las Vegas,Fatal,Human,3,2,2024,post
PFC-2024-AZ-B8D10804,Ped,0,2024-05-03,Phoenix,Fatal,Human,1,1,2024,post
PFC-2024-CA-CA0BEB6E,Ped,0,2024-05-02,Los Angeles,Fatal,Human,1,1,2024,post
PFC-2024-AZ-F1B22F31,Ped,0,2024-04-30,Phoenix,Fatal,Human,1,1,2024,post
PFC-2024-NV-4F428B8C,Ped,0,2024-06-20,Las Vegas,Fatal,Human,2,2,2024,post
PFC-2024-NV-2B8CF36E,Ped,0,2024-06-20,Las Vegas,Fatal,Human,2,2,2024,post
PFC-2024-CA-B5DB946C,Ped,0,2024-06-10,SF Bay,Fatal,Human,3,3,2024,post
PFC-2024-CA-0451271B,Ped,0,2024-06-12,Los Angeles,Fatal,Human,1,1,2024,post
PFC-2024-AZ-F2ECC421,Ped,0,2024-05-29,Phoenix,Fatal,Human,1,1,2024,post
PFC-2024-CA-7D2966F4,Ped,0,2024-06-11,Los Angeles,Fatal,Human,1,1,2024,post
PFC-2024-CA-E9C8D1DB,Ped,0,2024-06-09,Los Angeles,Fatal,Human,1,1,2024,post
PFC-2024-CA-C7E4D41B,Ped,0,2024-04-16,Los Angeles,Fatal,Human,1,1,2024,post
PFC-2024-CA-4C62454E,Ped,0,2024-06-07,Los Angeles,Fatal,Human,9,9,2024,post
PFC-2024-CA-24EDC057,Ped,0,2024-06-03,Los Angeles,Fatal,Human,1,1,2024,post
PFC-2024-CA-C3E0A6DA,Ped,0,2024-07-30,Los Angeles,Fatal,Human,1,1,2024,post
PFC-2024-NV-A4CA4CAE,Ped,0,2024-07-25,Las Vegas,Fatal,Human,1,1,2024,post
PFC-2024-NV-61DB06B3,Ped,0,2024-07-21,Las Vegas,Fatal,Human,2,1,2024,post
PFC-2024-CA-128E8102,Ped,0,2024-07-22,Los Angeles,Fatal,Human,1,1,2024,post
PFC-2024-NV-999117C6,Ped,0,2024-07-19,Las Vegas,Fatal,Human,1,1,2024,post
PFC-2024-CA-9E98CBF0,Ped,0,2024-07-20,Los Angeles,Fatal,Human,1,1,2024,post
PFC-2024-NV-F7C1F53A,Ped,0,2024-07-16,Las Vegas,Fatal,Human,2,2,2024,post
PFC-2024-NV-03562E96,Ped,0,2024-08-30,Las Vegas,Fatal,Human,1,1,2024,post
PFC-2024-AZ-A0C54824,Ped,0,2024-08-29,Phoenix,Fatal,Human,1,1,2024,post
PFC-2024-NV-1FCD62C8,Ped,0,2024-08-26,Las Vegas,Fatal,Human,1,1,2024,post
PFC-2024-NV-61247F6D,Ped,0,2024-08-23,Las Vegas,Fatal,Human,1,1,2024,post
PFC-2024-CA-6F9A44B0,Ped,0,2024-08-15,SF Bay,Fatal,Human,3,3,2024,post
PFC-2024-CA-B021AB82,Ped,0,2024-08-19,Los Angeles,Fatal,Human,1,1,2024,post
PFC-2024-CA-4EF03904,Ped,0,2024-08-16,Los Angeles,Fatal,Human,2,2,2024,post
PFC-2024-NV-72458937,Ped,0,2024-08-11,Las Vegas,Fatal,Human,2,1,2024,post
PFC-2024-NV-EA19E48F,Ped,0,2024-08-02,Las Vegas,Fatal,Human,2,2,2024,post
PFC-2024-NV-7AF6C264,Ped,0,2024-09-29,Las Vegas,Fatal,Human,1,1,2024,post
PFC-2024-AZ-705A439B,Ped,0,2024-09-22,Phoenix,Fatal,Human,1,1,2024,post
PFC-2024-CA-6964AE80,Ped,0,2024-09-20,Los Angeles,Fatal,Human,5,2,2024,post
PFC-2024-CA-49B5D39F,Ped,0,2024-09-22,SF Bay,Fatal,Human,1,1,2024,post
PFC-2024-AZ-68B48BC2,Ped,0,2024-09-21,Phoenix,Fatal,Human,1,1,2024,post
PFC-2024-TX-0F46D31C,Ped,0,2024-09-18,Austin,Fatal,Human,1,1,2024,post
PFC-2024-NV-D96DA188,Ped,0,2024-09-10,Las Vegas,Fatal,Human,1,1,2024,post
PFC-2024-TX-A59CD21E,Ped,0,2024-09-03,Austin,Fatal,Human,1,1,2024,post
PFC-2024-NV-FDA0185A,Ped,0,2024-10-22,Las Vegas,Fatal,Human,1,1,2024,post
PFC-2024-AZ-548A1D17,Ped,0,2024-10-26,Phoenix,Fatal,Human,1,1,2024,post
PFC-2024-NV-C2C5E4A7,Ped,0,2024-10-27,Las Vegas,Fatal,Human,1,1,2024,post
PFC-2024-AZ-86A60F04,Ped,0,2024-10-26,Phoenix,Fatal,Human,1,1,2024,post
PFC-2024-CA-85F51F0E,Ped,0,2024-10-25,SF Bay,Fatal,Human,2,2,2024,post
PFC-2024-AZ-1E8A4E1A,Ped,0,2024-10-25,Phoenix,Fatal,Human,1,1,2024,post
PFC-2024-CA-584209F8,Ped,0,2024-10-22,SF Bay,Fatal,Human,5,5,2024,post
PFC-2024-CA-CB89A54A,Ped,0,2024-10-15,Los Angeles,Fatal,Human,1,1,2024,post
PFC-2024-NV-AFFE3EC2,Ped,0,2024-10-13,Las Vegas,Fatal,Human,1,1,2024,post
PFC-2024-AZ-8FA620C5,Ped,0,2024-09-20,Phoenix,Fatal,Human,1,1,2024,post
PFC-2024-AZ-EE0AF165,Ped,0,2024-10-12,Phoenix,Fatal,Human,1,1,2024,post
PFC-2024-NV-CC9D0E62,Ped,0,2024-10-11,Las Vegas,Fatal,Human,1,1,2024,post
PFC-2024-AZ-E5C31CF8,Ped,0,2024-10-08,Phoenix,Fatal,Human,1,1,2024,post
PFC-2024-CA-F848DDF5,Ped,0,2024-09-13,Los Angeles,Fatal,Human,2,1,2024,post
PFC-2024-CA-C3EA31FE,Ped,0,2024-10-04,SF Bay,Fatal,Human,1,1,2024,post
PFC-2024-CA-C178C5C9,Ped,0,2024-10-07,Los Angeles,Fatal,Human,2,2,2024,post
PFC-2024-NV-509C1640,Ped,0,2024-10-03,Las Vegas,Fatal,Human,2,1,2024,post
PFC-2024-AZ-94102724,Ped,0,2024-07-25,Phoenix,Fatal,Human,3,3,2024,post
PFC-2024-NV-AF68189E,Ped,0,2024-11-29,Las Vegas,Fatal,Human,4,2,2024,post
PFC-2024-CA-0D39A358,Ped,0,2024-11-27,Los Angeles,Fatal,Human,1,1,2024,post
PFC-2024-CA-3FF6B3DF,Ped,0,2024-11-25,Los Angeles,Fatal,Human,1,1,2024,post
PFC-2024-CA-5D54CC6E,Ped,0,2024-11-24,SF Bay,Fatal,Human,2,2,2024,post
PFC-2024-NV-6B70AECA,Ped,0,2024-11-18,Las Vegas,Fatal,Human,1,1,2024,post
PFC-2024-NV-13BF4611,Ped,0,2024-11-18,Las Vegas,Fatal,Human,2,2,2024,post
PFC-2024-CA-07730E96,Ped,0,2024-11-14,SF Bay,Fatal,Human,1,1,2024,post
PFC-2024-CA-90F82169,Ped,0,2024-11-05,Los Angeles,Fatal,Human,1,1,2024,post
PFC-2024-CA-1F1DBCBA,Ped,0,2024-11-08,Los Angeles,Fatal,Human,1,1,2024,post
PFC-2024-TX-452A45F4,Ped,0,2024-11-11,Austin,Fatal,Human,1,1,2024,post
PFC-2024-NV-958FB25A,Ped,0,2024-11-11,Las Vegas,Fatal,Human,1,1,2024,post
PFC-2024-NV-AEA00D2F,Ped,0,2024-11-07,Las Vegas,Fatal,Human,1,1,2024,post
PFC-2024-CA-2A02DBFE,Ped,0,2024-11-03,Los Angeles,Fatal,Human,1,1,2024,post
PFC-2024-NV-DAC2F070,Ped,0,2024-11-03,Las Vegas,Fatal,Human,1,1,2024,post
PFC-2024-NV-FBB7FADE,Ped,0,2024-10-31,Las Vegas,Fatal,Human,1,1,2024,post
PFC-2024-NV-27FFF2E2,Ped,0,2024-12-30,Las Vegas,Fatal,Human,1,1,2024,post
PFC-2024-CA-1A8C909A,Ped,0,2024-12-22,Los Angeles,Fatal,Human,1,1,2024,post
PFC-2024-CA-21C46CAA,Ped,0,2024-12-26,Los Angeles,Fatal,Human,1,1,2024,post
PFC-2024-NV-F6E9BAEA,Ped,0,2024-12-26,Las Vegas,Fatal,Human,1,1,2024,post
PFC-2024-TX-7A07726C,Ped,0,2024-12-25,Austin,Fatal,Human,1,1,2024,post
PFC-2024-CA-1CB401DB,Ped,0,2024-12-22,Los Angeles,Fatal,Human,1,1,2024,post
PFC-2024-CA-E1B2539A,Ped,0,2024-12-14,SF Bay,Fatal,Human,3,3,2024,post
PFC-2024-NV-7893DB01,Ped,0,2024-12-07,Las Vegas,Fatal,Human,1,1,2024,post
PFC-2024-CA-07CD9809,Ped,0,2024-12-03,Los Angeles,Fatal,Human,3,2,2024,post
PFC-2024-NV-B6101011,Ped,0,2024-12-02,Las Vegas,Fatal,Human,1,1,2024,post
PFC-2024-AZ-3D6963F1,Ped,0,2024-12-01,Phoenix,Fatal,Human,1,1,2024,post
PFC-2024-CA-66711ED3,Ped,0,2024-12-01,Los Angeles,Fatal,Human,1,1,2024,post
PFC-2025-CA-D066B66F,Ped,0,2025-01-31,SF Bay,Fatal,Human,1,1,2025,post
PFC-2025-CA-8156A43A,Ped,0,2025-01-29,Los Angeles,Fatal,Human,3,2,2025,post
PFC-2025-CA-825D148E,Ped,0,2025-01-30,Los Angeles,Fatal,Human,1,1,2025,post
PFC-2025-TX-2196EB39,Ped,0,2025-01-30,Austin,Fatal,Human,1,1,2025,post
PFC-2025-CA-357EA2DA,Ped,0,2025-01-30,Los Angeles,Fatal,Human,1,1,2025,post
PFC-2025-CA-4B18896A,Ped,0,2025-01-29,Los Angeles,Fatal,Human,2,2,2025,post
PFC-2025-CA-D7114288,Ped,0,2025-01-28,Los Angeles,Fatal,Human,1,1,2025,post
PFC-2025-CA-AA52D1C4,Ped,0,2025-01-24,Los Angeles,Fatal,Human,1,1,2025,post
PFC-2025-CA-87966DD9,Ped,0,2025-01-26,SF Bay,Fatal,Human,1,1,2025,post
PFC-2025-CA-D768C087,Ped,0,2025-01-25,Los Angeles,Fatal,Human,1,1,2025,post
PFC-2025-CA-6838F1B6,Ped,0,2025-01-22,SF Bay,Fatal,Human,1,1,2025,post
PFC-2025-AZ-4E41041E,Ped,0,2025-01-21,Phoenix,Fatal,Human,1,1,2025,post
PFC-2025-CA-A18D543B,Ped,0,2025-01-19,SF Bay,Fatal,Human,2,2,2025,post
PFC-2025-CA-0FF9A8E7,Ped,0,2025-01-12,Los Angeles,Fatal,Human,1,1,2025,post
PFC-2025-CA-4F8658BD,Ped,0,2025-01-07,Los Angeles,Fatal,Human,1,1,2025,post
PFC-2025-CA-90A0CEC2,Ped,0,2025-01-05,Los Angeles,Fatal,Human,3,3,2025,post
PFC-2025-CA-D1C4BA93,Ped,0,2025-01-04,SF Bay,Fatal,Human,2,2,2025,post
PFC-2025-CA-16ED9CE9,Ped,0,2025-02-23,Los Angeles,Fatal,Human,2,2,2025,post
PFC-2025-CA-592CABCD,Ped,0,2025-02-03,SF Bay,Fatal,Human,4,2,2025,post
PFC-2025-NV-A850C873,Ped,0,2025-02-06,Las Vegas,Fatal,Human,2,2,2025,post
PFC-2025-CA-F2FAB490,Ped,0,2025-02-05,SF Bay,Fatal,Human,1,1,2025,post
PFC-2025-NV-09410B20,Ped,0,2025-03-28,Las Vegas,Fatal,Human,1,1,2025,post
PFC-2025-CA-E2C176C9,Ped,0,2025-03-14,SF Bay,Fatal,Human,2,2,2025,post
PFC-2025-CA-50792E9C,Ped,0,2025-03-29,SF Bay,Fatal,Human,1,1,2025,post
PFC-2025-CA-598BF8ED,Ped,0,2025-03-28,Los Angeles,Fatal,Human,1,1,2025,post
PFC-2025-NV-919C5F1F,Ped,0,2025-03-26,Las Vegas,Fatal,Human,1,1,2025,post
PFC-2025-CA-37742273,Ped,0,2025-03-16,Los Angeles,Fatal,Human,1,1,2025,post
PFC-2025-AZ-A9A87F2D,Ped,0,2025-03-06,Phoenix,Fatal,Human,1,1,2025,post
PFC-2025-NV-564F79F1,Ped,0,2025-03-05,Las Vegas,Fatal,Human,1,1,2025,post
PFC-2025-CA-CB126A59,Ped,0,2025-04-14,Los Angeles,Fatal,Human,2,2,2025,post
PFC-2025-AZ-39FD3B7D,Ped,0,2025-05-27,Phoenix,Fatal,Human,2,2,2025,post
PFC-2025-NV-B5E053B2,Ped,0,2025-05-30,Las Vegas,Fatal,Human,2,2,2025,post
PFC-2025-CA-8710303D,Ped,0,2025-05-27,SF Bay,Fatal,Human,3,3,2025,post
PFC-2025-AZ-8A0D1BE6,Ped,0,2025-05-23,Phoenix,Fatal,Human,1,1,2025,post
PFC-2025-CA-FCF72916,Ped,0,2025-05-23,Los Angeles,Fatal,Human,1,1,2025,post
PFC-2025-TX-8866569E,Ped,0,2025-05-11,Austin,Fatal,Human,1,1,2025,post
PFC-2025-CA-85B69D2D,Ped,0,2025-05-16,Los Angeles,Fatal,Human,1,1,2025,post
PFC-2025-CA-EC062F7E,Ped,0,2025-05-13,SF Bay,Fatal,Human,1,1,2025,post
PFC-2025-NV-C8B2C89D,Ped,0,2025-05-13,Las Vegas,Fatal,Human,1,1,2025,post
PFC-2025-CA-2A76D823,Ped,0,2025-05-11,Los Angeles,Fatal,Human,1,1,2025,post
PFC-2025-CA-DEE87E3D,Ped,0,2025-03-20,Los Angeles,Fatal,Human,1,1,2025,post
PFC-2025-NV-97A2966B,Ped,0,2025-05-06,Las Vegas,Fatal,Human,1,1,2025,post
PFC-2025-NV-34921D92,Ped,0,2025-05-02,Las Vegas,Fatal,Human,2,1,2025,post
PFC-2025-CA-0EE18C7B,Ped,0,2025-05-02,Los Angeles,Fatal,Human,1,1,2025,post
PFC-2025-NV-1A20A96C,Ped,0,2025-05-05,Las Vegas,Fatal,Human,2,2,2025,post
PFC-2025-CA-770F2B4A,Ped,0,2025-05-02,Los Angeles,Fatal,Human,1,1,2025,post
PFC-2025-CA-83ECF8F2,Ped,0,2025-05-01,SF Bay,Fatal,Human,1,1,2025,post
PFC-2025-CA-078EA70C,Ped,0,2025-05-02,SF Bay,Fatal,Human,1,1,2025,post
PFC-2025-NV-860FAB65,Ped,0,2025-05-01,Las Vegas,Fatal,Human,1,1,2025,post
PFC-2025-NV-7E3A17DC,Ped,0,2025-06-07,Las Vegas,Fatal,Human,1,1,2025,post
PFC-2025-NV-47E6B7CC,Ped,0,2025-05-13,Las Vegas,Fatal,Human,3,2,2025,post
PFC-2025-CA-54A7E18B,Ped,0,2025-07-13,SF Bay,Fatal,Human,1,1,2025,post
PFC-2025-CA-D8CDE30F,Ped,0,2025-07-13,SF Bay,Fatal,Human,1,1,2025,post
PFC-2025-AZ-109F588E,Ped,0,2025-07-24,Phoenix,Fatal,Human,1,1,2025,post
PFC-2025-CA-A79FCA3D,Ped,0,2025-07-23,SF Bay,Fatal,Human,2,2,2025,post
PFC-2025-CA-3B9D6CCC,Ped,0,2025-07-18,SF Bay,Fatal,Human,1,1,2025,post
PFC-2025-CA-6764E2B0,Ped,0,2025-07-21,SF Bay,Fatal,Human,1,1,2025,post
PFC-2025-NV-6730488E,Ped,0,2025-07-18,Las Vegas,Fatal,Human,2,1,2025,post
PFC-2025-NV-2149F983,Ped,0,2025-06-13,Las Vegas,Fatal,Human,1,1,2025,post
PFC-2025-NV-1FB1172A,Ped,0,2025-07-11,Las Vegas,Fatal,Human,1,1,2025,post
PFC-2025-AZ-638277BD,Ped,0,2025-07-11,Phoenix,Fatal,Human,2,2,2025,post
PFC-2025-CA-A8E39ED8,Ped,0,2025-07-09,SF Bay,Fatal,Human,1,1,2025,post
PFC-2025-CA-F6E1656F,Ped,0,2025-06-20,SF Bay,Fatal,Human,1,1,2025,post
PFC-2025-CA-27F75480,Ped,0,2025-07-05,Los Angeles,Fatal,Human,1,1,2025,post
PFC-2025-CA-EDC6691A,Ped,0,2025-07-01,Los Angeles,Fatal,Human,1,1,2025,post
PFC-2025-AZ-41AEFD59,Ped,0,2025-07-21,Phoenix,Fatal,Human,1,1,2025,post
PFC-2025-AZ-8E91C12B,Ped,0,2025-07-31,Phoenix,Fatal,Human,1,1,2025,post
PFC-2025-CA-8E0DBD81,Ped,0,2025-07-05,Los Angeles,Fatal,Human,1,1,2025,post
