city,state,metro
San Francisco,CA,SF Bay
Daly City,CA,SF Bay
South San Francisco,CA,SF Bay
Foster City,CA,SF Bay
San Mateo,CA,SF Bay
Redwood City,CA,SF Bay
Palo Alto,CA,SF Bay
Mountain View,CA,SF Bay
Sunnyvale,CA,SF Bay
Santa Clara,CA,SF Bay
San Jose,CA,SF Bay
Fremont,CA,SF Bay
Hayward,CA,SF Bay
Oakland,CA,SF Bay
Berkeley,CA,SF Bay
Richmond,CA,SF Bay
Alameda,CA,SF Bay
Phoenix,AZ,Phoenix
Tempe,AZ,Phoenix
Chandler,AZ,Phoenix
Scottsdale,AZ,Phoenix
Mesa,AZ,Phoenix
Gilbert,AZ,Phoenix
Glendale,AZ,Phoenix
Peoria,AZ,Phoenix
Los Angeles,CA,Los Angeles
Santa Monica,CA,Los Angeles
West Hollywood,CA,Los Angeles
Hollywood,CA,Los Angeles
North Hollywood,CA,Los Angeles
Culver City,CA,Los Angeles
Pasadena,CA,Los Angeles
Long Beach,CA,Los Angeles
Inglewood,CA,Los Angeles
Burbank,CA,Los Angeles
Glendale,CA,Los Angeles
Austin,TX,Austin
Las Vegas,NV,Las Vegas
Spring Valley,NV,Las Vegas
Henderson,NV,Las Vegas
North Las Vegas,NV,Las Vegas
Paradise,NV,Las Vegas
Dallas,TX,Dallas
Plano,TX,Dallas
Irving,TX,Dallas
Arlington,TX,Dallas
Garland,TX,Dallas
Mesquite,TX,Dallas
San Antonio,TX,San Antonio
Alamo Heights,TX,San Antonio
